parameter,normal_mean,normal_std,normal_median,anomaly_mean,anomaly_std,anomaly_median,mean_difference
pH,7.1,0.39,7.08,7.69,0.54,7.7,0.59
TEMP_C,27.28,4.5,26.87,27.34,5.99,29.05,0.06
SAL_ppt,0.36,0.12,0.35,0.57,0.09,0.57,0.21
TUR_NTU,72.46,38.94,68.13,98.3,54.46,95.57,25.85
DS_mg_L,364.91,146.04,343.66,756.2,191.73,743.64,391.29
TDS_mg_L,378.89,149.77,353.19,798.94,197.81,775.86,420.06
TSS_mg_L,127.78,75.59,111.84,167.11,122.15,104.67,39.33
COND_uS_cm,604.78,188.72,584.48,907.13,176.31,902.56,302.35
DO_mg_L,2.71,1.53,2.8,1.3,1.15,1.15,-1.41
BOD_mg_L,192.48,136.06,171.0,288.5,214.17,386.92,96.02
COD_mg_L,402.4,248.49,364.27,685.55,214.94,762.5,283.15
NH4F_mg_L,11.02,4.16,10.89,12.97,6.8,15.67,1.95
NO3_mg_L,5.85,2.05,5.79,5.54,2.34,5.33,-0.31
K_mg_L,17.96,5.54,17.88,23.65,4.77,23.25,5.69
E_coli_CFU_100mL,110880.58,163419.68,60105.0,506697.0,571498.15,142829.0,395816.42
