,pH,TEMP_C,SAL_ppt,TUR_NTU,DS_mg_L,TDS_mg_L,TSS_mg_L,COND_uS_cm,DO_mg_L,BOD_mg_L,COD_mg_L,NH4F_mg_L,NO3_mg_L,K_mg_L,E_coli_CFU_100mL
pH,1.0,0.007,0.147,0.096,0.135,0.133,0.084,0.088,-0.083,0.056,0.085,0.066,0.039,0.016,0.118
TEMP_C,0.007,1.0,0.008,0.04,0.014,0.022,0.015,-0.017,-0.0,-0.017,-0.012,0.01,-0.029,0.045,-0.014
SAL_ppt,0.147,0.008,1.0,0.568,0.504,0.507,0.49,0.468,-0.578,0.577,0.657,0.264,0.05,0.278,0.312
TUR_NTU,0.096,0.04,0.568,1.0,0.441,0.442,0.877,0.425,-0.582,0.562,0.649,0.261,0.007,0.237,0.276
DS_mg_L,0.135,0.014,0.504,0.441,1.0,0.994,0.392,0.389,-0.473,0.467,0.536,0.208,0.042,0.441,0.27
TDS_mg_L,0.133,0.022,0.507,0.442,0.994,1.0,0.393,0.389,-0.477,0.469,0.54,0.21,0.042,0.444,0.268
TSS_mg_L,0.084,0.015,0.49,0.877,0.392,0.393,1.0,0.375,-0.515,0.489,0.579,0.214,-0.021,0.218,0.238
COND_uS_cm,0.088,-0.017,0.468,0.425,0.389,0.389,0.375,1.0,-0.429,0.422,0.499,0.229,0.032,0.224,0.243
DO_mg_L,-0.083,-0.0,-0.578,-0.582,-0.473,-0.477,-0.515,-0.429,1.0,-0.682,-0.869,-0.305,-0.033,-0.269,-0.302
BOD_mg_L,0.056,-0.017,0.577,0.562,0.467,0.469,0.489,0.422,-0.682,1.0,0.76,0.436,0.06,0.26,0.328
COD_mg_L,0.085,-0.012,0.657,0.649,0.536,0.54,0.579,0.499,-0.869,0.76,1.0,0.345,0.021,0.295,0.346
NH4F_mg_L,0.066,0.01,0.264,0.261,0.208,0.21,0.214,0.229,-0.305,0.436,0.345,1.0,0.17,0.091,0.172
NO3_mg_L,0.039,-0.029,0.05,0.007,0.042,0.042,-0.021,0.032,-0.033,0.06,0.021,0.17,1.0,0.023,0.011
K_mg_L,0.016,0.045,0.278,0.237,0.441,0.444,0.218,0.224,-0.269,0.26,0.295,0.091,0.023,1.0,0.103
E_coli_CFU_100mL,0.118,-0.014,0.312,0.276,0.27,0.268,0.238,0.243,-0.302,0.328,0.346,0.172,0.011,0.103,1.0
