Parameter,Count,Mean,Std,Min,25%,Median,75%,Max
pH,1500,7.1,0.4,6.0,6.82,7.08,7.38,8.41
TEMP_C,1500,27.09,4.45,18.0,24.0,26.94,30.14,38.0
SAL_ppt,1500,0.35,0.12,0.05,0.27,0.35,0.43,0.72
TUR_NTU,1500,72.64,39.07,5.0,41.22,65.57,99.14,180.0
DS_mg_L,1500,370.24,157.88,91.02,262.08,343.23,447.21,980.0
TDS_mg_L,1500,385.09,163.55,100.0,272.11,357.49,463.96,1000.0
TSS_mg_L,1500,129.08,77.84,10.0,68.29,110.7,176.37,350.0
COND_uS_cm,1500,609.61,178.78,200.0,488.02,592.09,718.56,1200.0
DO_mg_L,1500,2.68,1.54,0.3,1.37,2.83,3.88,6.61
BOD_mg_L,1500,192.01,138.09,20.0,68.78,170.39,289.97,650.0
COD_mg_L,1500,404.54,252.6,50.0,171.09,364.09,593.08,1000.0
NH4F_mg_L,1500,11.11,4.34,0.1,8.05,11.11,14.01,25.05
NO3_mg_L,1500,5.84,2.01,0.1,4.54,5.79,7.25,12.94
K_mg_L,1500,18.0,5.68,0.5,14.0,17.95,21.98,36.85
E_coli_CFU_100mL,1500,119352.42,176080.0,1649.0,26249.5,60278.5,135538.75,2031686.0
