Sample_ID,source,predicted_class,predicted_route,prediction_confidence,anomaly_status,anomaly_score,safety_status,weather_status,storage_status,final_route,final_action,override_applied,reason_codes
1,Mixed,2,Restricted Irrigation,0.8992,NORMAL,0.096,SAFE_FOR_MODEL_REVIEW,FAVORABLE,NORMAL,Restricted Irrigation,ALLOW_ROUTE,False,WQ_ACCEPTABLE|ANOMALY_CLEAN|MODEL_HIGH_CONFIDENCE|ROUTE_IRRIGATION|STORAGE_NORMAL|WEATHER_FAVORABLE
2,Laundry,0,Sewer Bypass,0.9929,NORMAL,0.1044,CRITICAL,NEUTRAL,NORMAL,Sewer Bypass,SAFETY_OVERRIDE,True,WQ_HIGH_COD|WQ_HIGH_BOD|WQ_SEPTIC_RISK|WQ_CRITICAL|ANOMALY_CLEAN|MODEL_HIGH_CONFIDENCE|ROUTE_SEWER|STORAGE_NORMAL|OVERRIDE_SAFETY_CRITICAL
3,Mixed,1,Bio-filtration,0.978,NORMAL,0.1284,SAFE_FOR_MODEL_REVIEW,NEUTRAL,NORMAL,Bio-filtration,PROCEED_WITH_TREATMENT,False,WQ_ACCEPTABLE|ANOMALY_CLEAN|MODEL_HIGH_CONFIDENCE|ROUTE_BIOFILTRATION|STORAGE_NORMAL|WEATHER_FAVORABLE
4,Kitchen,0,Sewer Bypass,0.692,ANOMALY_DETECTED,-0.0219,HIGH_RISK,NEUTRAL,NORMAL,Sewer Bypass,SAFETY_OVERRIDE,True,WQ_HIGH_TURBIDITY|WQ_HIGH_TDS|WQ_HIGH_SALINITY|ANOMALY_DETECTED|MODEL_MEDIUM_CONFIDENCE|ROUTE_SEWER|STORAGE_NORMAL|ANOMALY_SAFETY_OVERRIDE
5,Bathroom,1,Bio-filtration,0.9702,NORMAL,0.1032,HIGH_RISK,NEUTRAL,NORMAL,Bio-filtration,PROCEED_WITH_TREATMENT,False,WQ_HIGH_ECOLI|ANOMALY_CLEAN|MODEL_HIGH_CONFIDENCE|ROUTE_BIOFILTRATION|STORAGE_NORMAL|WEATHER_FAVORABLE
6,Mixed,1,Bio-filtration,0.9981,NORMAL,0.0945,HIGH_RISK,NEUTRAL,NORMAL,Bio-filtration,PROCEED_WITH_TREATMENT,False,WQ_HIGH_ECOLI|ANOMALY_CLEAN|MODEL_HIGH_CONFIDENCE|ROUTE_BIOFILTRATION|STORAGE_NORMAL|WEATHER_FAVORABLE
7,Mixed,1,Bio-filtration,0.9886,NORMAL,0.1335,SAFE_FOR_MODEL_REVIEW,NEUTRAL,NORMAL,Bio-filtration,PROCEED_WITH_TREATMENT,False,WQ_ACCEPTABLE|ANOMALY_CLEAN|MODEL_HIGH_CONFIDENCE|ROUTE_BIOFILTRATION|STORAGE_NORMAL|WEATHER_FAVORABLE
8,Mixed,1,Bio-filtration,0.9997,NORMAL,0.1274,SAFE_FOR_MODEL_REVIEW,NEUTRAL,NORMAL,Bio-filtration,PROCEED_WITH_TREATMENT,False,WQ_ACCEPTABLE|ANOMALY_CLEAN|MODEL_HIGH_CONFIDENCE|ROUTE_BIOFILTRATION|STORAGE_NORMAL|WEATHER_FAVORABLE
9,Bathroom,2,Restricted Irrigation,0.9865,NORMAL,0.1044,SAFE_FOR_MODEL_REVIEW,FAVORABLE,NORMAL,Restricted Irrigation,ALLOW_ROUTE,False,WQ_ACCEPTABLE|ANOMALY_CLEAN|MODEL_HIGH_CONFIDENCE|ROUTE_IRRIGATION|STORAGE_NORMAL|WEATHER_FAVORABLE
10,Laundry,1,Bio-filtration,0.99,NORMAL,0.1003,REVIEW_REQUIRED,NEUTRAL,NORMAL,Bio-filtration,PROCEED_WITH_TREATMENT,False,WQ_HIGH_TURBIDITY|ANOMALY_CLEAN|MODEL_HIGH_CONFIDENCE|ROUTE_BIOFILTRATION|STORAGE_NORMAL|WEATHER_FAVORABLE
11,Laundry,1,Bio-filtration,0.9931,NORMAL,0.0912,HIGH_RISK,NEUTRAL,NORMAL,Bio-filtration,PROCEED_WITH_TREATMENT,False,WQ_HIGH_BOD|WQ_HIGH_TURBIDITY|ANOMALY_CLEAN|MODEL_HIGH_CONFIDENCE|ROUTE_BIOFILTRATION|STORAGE_NORMAL|WEATHER_FAVORABLE
12,Mixed,1,Bio-filtration,0.9995,NORMAL,0.0925,REVIEW_REQUIRED,NEUTRAL,NORMAL,Bio-filtration,PROCEED_WITH_TREATMENT,False,WQ_HIGH_TURBIDITY|ANOMALY_CLEAN|MODEL_HIGH_CONFIDENCE|ROUTE_BIOFILTRATION|STORAGE_NORMAL|WEATHER_FAVORABLE
13,Kitchen,0,Sewer Bypass,0.8432,NORMAL,0.051,HIGH_RISK,NEUTRAL,NORMAL,Sewer Bypass,DISCHARGE_TO_SEWER,False,WQ_HIGH_ECOLI|WQ_HIGH_COD|WQ_HIGH_BOD|WQ_HIGH_SALINITY|ANOMALY_CLEAN|MODEL_HIGH_CONFIDENCE|ROUTE_SEWER|STORAGE_NORMAL
14,Mixed,1,Bio-filtration,0.9944,NORMAL,0.1237,HIGH_RISK,NEUTRAL,NORMAL,Bio-filtration,PROCEED_WITH_TREATMENT,False,WQ_HIGH_BOD|ANOMALY_CLEAN|MODEL_HIGH_CONFIDENCE|ROUTE_BIOFILTRATION|STORAGE_NORMAL|WEATHER_FAVORABLE
15,Laundry,1,Bio-filtration,0.9732,NORMAL,0.1123,REVIEW_REQUIRED,NEUTRAL,NORMAL,Bio-filtration,PROCEED_WITH_TREATMENT,False,WQ_HIGH_TURBIDITY|ANOMALY_CLEAN|MODEL_HIGH_CONFIDENCE|ROUTE_BIOFILTRATION|STORAGE_NORMAL|WEATHER_FAVORABLE
16,Bathroom,2,Restricted Irrigation,0.9919,NORMAL,0.0945,SAFE_FOR_MODEL_REVIEW,FAVORABLE,NORMAL,Restricted Irrigation,ALLOW_ROUTE,False,WQ_ACCEPTABLE|ANOMALY_CLEAN|MODEL_HIGH_CONFIDENCE|ROUTE_IRRIGATION|STORAGE_NORMAL|WEATHER_FAVORABLE
17,Laundry,0,Sewer Bypass,0.9967,NORMAL,0.0582,CRITICAL,NEUTRAL,NORMAL,Sewer Bypass,SAFETY_OVERRIDE,True,WQ_HIGH_COD|WQ_HIGH_BOD|WQ_HIGH_TURBIDITY|WQ_HIGH_TSS|WQ_CRITICAL|ANOMALY_CLEAN|MODEL_HIGH_CONFIDENCE|ROUTE_SEWER|STORAGE_NORMAL|OVERRIDE_SAFETY_CRITICAL
18,Bathroom,2,Restricted Irrigation,0.9939,NORMAL,0.135,SAFE_FOR_MODEL_REVIEW,FAVORABLE,NORMAL,Restricted Irrigation,ALLOW_ROUTE,False,WQ_ACCEPTABLE|ANOMALY_CLEAN|MODEL_HIGH_CONFIDENCE|ROUTE_IRRIGATION|STORAGE_NORMAL|WEATHER_FAVORABLE
19,Mixed,1,Bio-filtration,0.9994,NORMAL,0.1095,HIGH_RISK,NEUTRAL,NORMAL,Bio-filtration,PROCEED_WITH_TREATMENT,False,WQ_HIGH_ECOLI|ANOMALY_CLEAN|MODEL_HIGH_CONFIDENCE|ROUTE_BIOFILTRATION|STORAGE_NORMAL|WEATHER_FAVORABLE
20,Kitchen,0,Sewer Bypass,0.9979,NORMAL,0.0424,CRITICAL,NEUTRAL,NORMAL,Sewer Bypass,SAFETY_OVERRIDE,True,WQ_HIGH_ECOLI|WQ_HIGH_COD|WQ_HIGH_BOD|WQ_HIGH_TURBIDITY|WQ_SEPTIC_RISK|WQ_CRITICAL|ANOMALY_CLEAN|MODEL_HIGH_CONFIDENCE|ROUTE_SEWER|STORAGE_NORMAL|OVERRIDE_SAFETY_CRITICAL
