Sample_ID,actual_class,actual_class_name,predicted_class,predicted_class_name,maximum_probability,correct,low_confidence_flag
884,0,Sewer Bypass,0,Sewer Bypass,0.9924,1,0
918,2,Restricted Irrigation,2,Restricted Irrigation,0.9908,1,0
846,1,Bio-filtration,1,Bio-filtration,0.9991,1,0
679,2,Restricted Irrigation,2,Restricted Irrigation,0.9954,1,0
1110,1,Bio-filtration,1,Bio-filtration,0.983,1,0
1337,2,Restricted Irrigation,2,Restricted Irrigation,0.9864,1,0
700,2,Restricted Irrigation,2,Restricted Irrigation,0.9897,1,0
577,1,Bio-filtration,1,Bio-filtration,0.9964,1,0
1472,2,Restricted Irrigation,2,Restricted Irrigation,0.9934,1,0
1461,1,Bio-filtration,1,Bio-filtration,0.9987,1,0
299,1,Bio-filtration,1,Bio-filtration,0.9988,1,0
914,0,Sewer Bypass,0,Sewer Bypass,0.9572,1,0
1450,2,Restricted Irrigation,2,Restricted Irrigation,0.9872,1,0
1214,0,Sewer Bypass,0,Sewer Bypass,0.9981,1,0
624,0,Sewer Bypass,0,Sewer Bypass,0.9999,1,0
1146,0,Sewer Bypass,0,Sewer Bypass,0.998,1,0
627,0,Sewer Bypass,0,Sewer Bypass,0.9651,1,0
764,2,Restricted Irrigation,2,Restricted Irrigation,0.9586,1,0
804,1,Bio-filtration,1,Bio-filtration,0.8955,1,0
603,1,Bio-filtration,1,Bio-filtration,0.9982,1,0
1454,1,Bio-filtration,1,Bio-filtration,0.9992,1,0
1483,0,Sewer Bypass,0,Sewer Bypass,0.9893,1,0
168,1,Bio-filtration,1,Bio-filtration,0.9985,1,0
608,1,Bio-filtration,1,Bio-filtration,0.9874,1,0
388,1,Bio-filtration,1,Bio-filtration,0.9989,1,0
1392,1,Bio-filtration,1,Bio-filtration,0.9983,1,0
658,2,Restricted Irrigation,2,Restricted Irrigation,0.9846,1,0
517,1,Bio-filtration,1,Bio-filtration,0.9818,1,0
1309,2,Restricted Irrigation,2,Restricted Irrigation,0.9646,1,0
1052,1,Bio-filtration,1,Bio-filtration,0.9765,1,0
1284,1,Bio-filtration,1,Bio-filtration,0.9503,1,0
1492,1,Bio-filtration,1,Bio-filtration,0.9992,1,0
569,0,Sewer Bypass,0,Sewer Bypass,0.9945,1,0
1473,2,Restricted Irrigation,2,Restricted Irrigation,0.9889,1,0
1275,2,Restricted Irrigation,2,Restricted Irrigation,0.9917,1,0
640,1,Bio-filtration,1,Bio-filtration,0.9987,1,0
364,2,Restricted Irrigation,2,Restricted Irrigation,0.9844,1,0
60,1,Bio-filtration,1,Bio-filtration,0.9656,1,0
1274,1,Bio-filtration,1,Bio-filtration,0.9425,1,0
1376,1,Bio-filtration,1,Bio-filtration,0.9941,1,0
692,1,Bio-filtration,1,Bio-filtration,0.999,1,0
917,2,Restricted Irrigation,2,Restricted Irrigation,0.9716,1,0
948,1,Bio-filtration,1,Bio-filtration,0.9985,1,0
514,2,Restricted Irrigation,2,Restricted Irrigation,0.9406,1,0
1285,1,Bio-filtration,1,Bio-filtration,0.9995,1,0
132,1,Bio-filtration,1,Bio-filtration,0.9945,1,0
1475,1,Bio-filtration,1,Bio-filtration,0.9967,1,0
1092,0,Sewer Bypass,0,Sewer Bypass,0.9994,1,0
345,1,Bio-filtration,1,Bio-filtration,0.9994,1,0
567,1,Bio-filtration,1,Bio-filtration,0.9985,1,0
771,2,Restricted Irrigation,2,Restricted Irrigation,0.9939,1,0
1262,1,Bio-filtration,1,Bio-filtration,0.9318,1,0
197,1,Bio-filtration,1,Bio-filtration,0.9961,1,0
978,1,Bio-filtration,1,Bio-filtration,0.9819,1,0
1066,1,Bio-filtration,1,Bio-filtration,0.999,1,0
1042,0,Sewer Bypass,0,Sewer Bypass,1.0,1,0
189,0,Sewer Bypass,0,Sewer Bypass,1.0,1,0
21,1,Bio-filtration,1,Bio-filtration,0.9932,1,0
153,2,Restricted Irrigation,2,Restricted Irrigation,0.9905,1,0
1382,2,Restricted Irrigation,2,Restricted Irrigation,0.9852,1,0
817,0,Sewer Bypass,0,Sewer Bypass,0.9347,1,0
781,1,Bio-filtration,1,Bio-filtration,0.9627,1,0
1493,0,Sewer Bypass,0,Sewer Bypass,0.9993,1,0
472,0,Sewer Bypass,0,Sewer Bypass,0.9993,1,0
1297,1,Bio-filtration,1,Bio-filtration,0.9719,1,0
374,0,Sewer Bypass,0,Sewer Bypass,0.9927,1,0
974,1,Bio-filtration,1,Bio-filtration,0.9187,1,0
1134,0,Sewer Bypass,0,Sewer Bypass,0.9999,1,0
710,0,Sewer Bypass,0,Sewer Bypass,0.8549,1,0
1281,1,Bio-filtration,1,Bio-filtration,0.9989,1,0
543,1,Bio-filtration,1,Bio-filtration,0.9994,1,0
328,1,Bio-filtration,1,Bio-filtration,0.9977,1,0
1476,0,Sewer Bypass,0,Sewer Bypass,0.949,1,0
1099,1,Bio-filtration,1,Bio-filtration,0.9864,1,0
811,2,Restricted Irrigation,2,Restricted Irrigation,0.9928,1,0
1428,2,Restricted Irrigation,2,Restricted Irrigation,0.9934,1,0
576,0,Sewer Bypass,0,Sewer Bypass,0.8251,1,0
1044,0,Sewer Bypass,0,Sewer Bypass,0.9995,1,0
796,0,Sewer Bypass,0,Sewer Bypass,0.9988,1,0
629,0,Sewer Bypass,0,Sewer Bypass,0.9887,1,0
1288,0,Sewer Bypass,0,Sewer Bypass,0.9999,1,0
895,1,Bio-filtration,1,Bio-filtration,0.9407,1,0
178,1,Bio-filtration,1,Bio-filtration,0.999,1,0
1291,1,Bio-filtration,1,Bio-filtration,0.8991,1,0
1204,0,Sewer Bypass,0,Sewer Bypass,0.9998,1,0
644,2,Restricted Irrigation,2,Restricted Irrigation,0.9893,1,0
91,2,Restricted Irrigation,2,Restricted Irrigation,0.9884,1,0
484,1,Bio-filtration,1,Bio-filtration,0.997,1,0
634,0,Sewer Bypass,0,Sewer Bypass,1.0,1,0
200,1,Bio-filtration,1,Bio-filtration,0.9557,1,0
714,1,Bio-filtration,1,Bio-filtration,0.7952,1,0
843,1,Bio-filtration,1,Bio-filtration,0.9969,1,0
925,1,Bio-filtration,1,Bio-filtration,0.974,1,0
183,0,Sewer Bypass,1,Bio-filtration,0.5495,0,1
775,2,Restricted Irrigation,2,Restricted Irrigation,0.9939,1,0
1360,2,Restricted Irrigation,2,Restricted Irrigation,0.9743,1,0
1223,1,Bio-filtration,1,Bio-filtration,0.9995,1,0
684,0,Sewer Bypass,0,Sewer Bypass,0.9658,1,0
882,0,Sewer Bypass,0,Sewer Bypass,1.0,1,0
953,1,Bio-filtration,1,Bio-filtration,0.9704,1,0
864,0,Sewer Bypass,0,Sewer Bypass,0.9725,1,0
905,1,Bio-filtration,1,Bio-filtration,0.9992,1,0
236,1,Bio-filtration,1,Bio-filtration,0.9982,1,0
1064,1,Bio-filtration,1,Bio-filtration,0.9721,1,0
81,1,Bio-filtration,1,Bio-filtration,0.9838,1,0
785,1,Bio-filtration,1,Bio-filtration,0.9993,1,0
121,1,Bio-filtration,1,Bio-filtration,0.9911,1,0
410,1,Bio-filtration,1,Bio-filtration,0.9772,1,0
760,1,Bio-filtration,1,Bio-filtration,0.9687,1,0
841,1,Bio-filtration,1,Bio-filtration,0.9554,1,0
857,0,Sewer Bypass,0,Sewer Bypass,1.0,1,0
1408,1,Bio-filtration,1,Bio-filtration,0.9601,1,0
256,0,Sewer Bypass,0,Sewer Bypass,1.0,1,0
1059,0,Sewer Bypass,0,Sewer Bypass,0.9904,1,0
201,1,Bio-filtration,1,Bio-filtration,0.9979,1,0
455,1,Bio-filtration,1,Bio-filtration,0.996,1,0
180,0,Sewer Bypass,0,Sewer Bypass,0.9998,1,0
55,0,Sewer Bypass,0,Sewer Bypass,0.9812,1,0
259,2,Restricted Irrigation,2,Restricted Irrigation,0.9909,1,0
310,2,Restricted Irrigation,2,Restricted Irrigation,0.9946,1,0
1430,0,Sewer Bypass,0,Sewer Bypass,0.9997,1,0
588,0,Sewer Bypass,0,Sewer Bypass,0.928,1,0
25,1,Bio-filtration,1,Bio-filtration,0.9988,1,0
290,2,Restricted Irrigation,2,Restricted Irrigation,0.9894,1,0
398,2,Restricted Irrigation,2,Restricted Irrigation,0.9929,1,0
1166,1,Bio-filtration,1,Bio-filtration,0.9992,1,0
331,0,Sewer Bypass,0,Sewer Bypass,0.9999,1,0
1174,1,Bio-filtration,1,Bio-filtration,0.9994,1,0
215,0,Sewer Bypass,0,Sewer Bypass,0.9999,1,0
192,1,Bio-filtration,1,Bio-filtration,0.9764,1,0
385,0,Sewer Bypass,0,Sewer Bypass,0.9833,1,0
1293,1,Bio-filtration,1,Bio-filtration,0.9917,1,0
86,2,Restricted Irrigation,2,Restricted Irrigation,0.9928,1,0
319,1,Bio-filtration,1,Bio-filtration,0.9723,1,0
1080,1,Bio-filtration,1,Bio-filtration,0.9849,1,0
1233,1,Bio-filtration,1,Bio-filtration,0.9749,1,0
1162,0,Sewer Bypass,0,Sewer Bypass,0.9997,1,0
1397,0,Sewer Bypass,0,Sewer Bypass,0.9999,1,0
366,1,Bio-filtration,1,Bio-filtration,0.9929,1,0
930,0,Sewer Bypass,0,Sewer Bypass,0.9998,1,0
73,1,Bio-filtration,1,Bio-filtration,0.9992,1,0
824,0,Sewer Bypass,0,Sewer Bypass,0.9983,1,0
933,1,Bio-filtration,1,Bio-filtration,0.9916,1,0
458,1,Bio-filtration,1,Bio-filtration,0.957,1,0
32,1,Bio-filtration,1,Bio-filtration,0.9749,1,0
547,0,Sewer Bypass,0,Sewer Bypass,0.9906,1,0
1094,2,Restricted Irrigation,2,Restricted Irrigation,0.9781,1,0
1032,0,Sewer Bypass,0,Sewer Bypass,0.9999,1,0
1161,1,Bio-filtration,1,Bio-filtration,0.9843,1,0
142,1,Bio-filtration,1,Bio-filtration,0.9807,1,0
987,0,Sewer Bypass,0,Sewer Bypass,0.9574,1,0
462,1,Bio-filtration,1,Bio-filtration,0.9729,1,0
730,1,Bio-filtration,1,Bio-filtration,0.98,1,0
1219,0,Sewer Bypass,0,Sewer Bypass,0.9998,1,0
1314,1,Bio-filtration,1,Bio-filtration,0.9755,1,0
1243,0,Sewer Bypass,0,Sewer Bypass,0.9981,1,0
1388,1,Bio-filtration,1,Bio-filtration,0.9115,1,0
718,2,Restricted Irrigation,2,Restricted Irrigation,0.9847,1,0
633,2,Restricted Irrigation,2,Restricted Irrigation,0.9859,1,0
794,2,Restricted Irrigation,2,Restricted Irrigation,0.989,1,0
466,0,Sewer Bypass,0,Sewer Bypass,0.9999,1,0
358,1,Bio-filtration,1,Bio-filtration,0.9993,1,0
1147,0,Sewer Bypass,0,Sewer Bypass,0.9842,1,0
186,0,Sewer Bypass,0,Sewer Bypass,0.9998,1,0
896,1,Bio-filtration,1,Bio-filtration,0.9992,1,0
66,1,Bio-filtration,1,Bio-filtration,0.9382,1,0
731,1,Bio-filtration,0,Sewer Bypass,0.8895,0,0
669,2,Restricted Irrigation,2,Restricted Irrigation,0.9929,1,0
865,2,Restricted Irrigation,2,Restricted Irrigation,0.9932,1,0
1115,1,Bio-filtration,1,Bio-filtration,0.9674,1,0
1149,0,Sewer Bypass,0,Sewer Bypass,0.9998,1,0
324,0,Sewer Bypass,1,Bio-filtration,0.9499,0,0
82,0,Sewer Bypass,0,Sewer Bypass,0.9519,1,0
516,2,Restricted Irrigation,2,Restricted Irrigation,0.992,1,0
816,1,Bio-filtration,1,Bio-filtration,0.9349,1,0
1084,0,Sewer Bypass,0,Sewer Bypass,0.9805,1,0
1448,1,Bio-filtration,1,Bio-filtration,0.9933,1,0
823,1,Bio-filtration,1,Bio-filtration,0.9919,1,0
207,2,Restricted Irrigation,2,Restricted Irrigation,0.9887,1,0
1008,1,Bio-filtration,1,Bio-filtration,0.8423,1,0
936,2,Restricted Irrigation,2,Restricted Irrigation,0.9823,1,0
1443,2,Restricted Irrigation,2,Restricted Irrigation,0.9831,1,0
901,0,Sewer Bypass,0,Sewer Bypass,0.5438,1,1
322,0,Sewer Bypass,0,Sewer Bypass,0.9995,1,0
396,1,Bio-filtration,1,Bio-filtration,0.9957,1,0
522,0,Sewer Bypass,0,Sewer Bypass,0.9877,1,0
955,1,Bio-filtration,1,Bio-filtration,0.99,1,0
682,2,Restricted Irrigation,2,Restricted Irrigation,0.9889,1,0
691,2,Restricted Irrigation,2,Restricted Irrigation,0.9828,1,0
1373,1,Bio-filtration,1,Bio-filtration,0.9963,1,0
1500,0,Sewer Bypass,0,Sewer Bypass,0.9935,1,0
515,0,Sewer Bypass,0,Sewer Bypass,0.9928,1,0
587,1,Bio-filtration,1,Bio-filtration,0.9928,1,0
1460,0,Sewer Bypass,0,Sewer Bypass,0.9999,1,0
443,0,Sewer Bypass,0,Sewer Bypass,0.9998,1,0
971,1,Bio-filtration,1,Bio-filtration,0.9709,1,0
116,2,Restricted Irrigation,1,Bio-filtration,0.8697,0,0
968,2,Restricted Irrigation,2,Restricted Irrigation,0.9443,1,0
1369,2,Restricted Irrigation,2,Restricted Irrigation,0.9635,1,0
916,1,Bio-filtration,1,Bio-filtration,0.9991,1,0
87,0,Sewer Bypass,0,Sewer Bypass,0.9999,1,0
1007,1,Bio-filtration,1,Bio-filtration,0.9988,1,0
556,2,Restricted Irrigation,2,Restricted Irrigation,0.9887,1,0
122,0,Sewer Bypass,0,Sewer Bypass,0.9922,1,0
359,0,Sewer Bypass,0,Sewer Bypass,0.9665,1,0
38,1,Bio-filtration,1,Bio-filtration,0.9972,1,0
1157,1,Bio-filtration,1,Bio-filtration,0.9654,1,0
529,1,Bio-filtration,1,Bio-filtration,0.9992,1,0
141,1,Bio-filtration,1,Bio-filtration,0.9395,1,0
583,1,Bio-filtration,1,Bio-filtration,0.9756,1,0
528,1,Bio-filtration,1,Bio-filtration,0.9988,1,0
452,1,Bio-filtration,1,Bio-filtration,0.9992,1,0
768,2,Restricted Irrigation,2,Restricted Irrigation,0.9774,1,0
555,1,Bio-filtration,1,Bio-filtration,0.9689,1,0
1116,2,Restricted Irrigation,2,Restricted Irrigation,0.986,1,0
1479,1,Bio-filtration,1,Bio-filtration,0.9722,1,0
855,3,Indoor Reuse,2,Restricted Irrigation,0.8175,0,0
1029,0,Sewer Bypass,0,Sewer Bypass,0.9152,1,0
1139,2,Restricted Irrigation,2,Restricted Irrigation,0.9865,1,0
1187,1,Bio-filtration,1,Bio-filtration,0.9677,1,0
1071,1,Bio-filtration,1,Bio-filtration,0.9995,1,0
1299,0,Sewer Bypass,0,Sewer Bypass,0.9957,1,0
384,1,Bio-filtration,1,Bio-filtration,0.9949,1,0
89,2,Restricted Irrigation,2,Restricted Irrigation,0.9723,1,0
880,1,Bio-filtration,1,Bio-filtration,0.988,1,0
