Parameter,Q1,Q3,IQR,Lower_Bound,Upper_Bound,Outlier_Count,Outlier_Percentage
pH,6.82,7.38,0.56,5.98,8.22,1,0.07
TEMP_C,24.0,30.14,6.14,14.78,39.35,0,0.0
SAL_ppt,0.27,0.43,0.16,0.03,0.67,12,0.8
TUR_NTU,41.22,99.14,57.92,-45.66,186.03,0,0.0
DS_mg_L,262.08,447.21,185.13,-15.62,724.91,62,4.13
TDS_mg_L,272.11,463.96,191.85,-15.66,751.74,59,3.93
TSS_mg_L,68.29,176.37,108.08,-93.83,338.49,26,1.73
COND_uS_cm,488.02,718.56,230.54,142.21,1064.36,25,1.67
DO_mg_L,1.37,3.88,2.51,-2.39,7.64,0,0.0
BOD_mg_L,68.78,289.97,221.19,-263.0,621.76,9,0.6
COD_mg_L,171.09,593.08,421.99,-461.9,1226.06,0,0.0
NH4F_mg_L,8.05,14.01,5.96,-0.88,22.95,4,0.27
NO3_mg_L,4.54,7.25,2.71,0.47,11.32,8,0.53
K_mg_L,14.0,21.98,7.98,2.03,33.96,6,0.4
E_coli_CFU_100mL,26249.5,135538.75,109289.25,-137684.38,299472.62,134,8.93
