candidate_id,parameters,mean_cv_macro_f1,std_cv_macro_f1,mean_cv_accuracy,mean_cv_sewer_bypass_recall,n_estimators,max_depth,min_samples_split,min_samples_leaf,max_features,class_weight,rank
11,"{""n_estimators"": 300, ""max_depth"": 16, ""min_samples_split"": 2, ""min_samples_leaf"": 1, ""max_features"": ""sqrt"", ""class_weight"": null}",0.7735,0.0972,0.9648,0.9776,300,16.0,2,1,sqrt,,1
12,"{""n_estimators"": 400, ""max_depth"": 16, ""min_samples_split"": 2, ""min_samples_leaf"": 1, ""max_features"": 0.6, ""class_weight"": ""balanced""}",0.7713,0.1008,0.961,0.984,400,16.0,2,1,0.6,balanced,2
8,"{""n_estimators"": 300, ""max_depth"": 12, ""min_samples_split"": 2, ""min_samples_leaf"": 1, ""max_features"": ""sqrt"", ""class_weight"": ""balanced_subsample""}",0.77,0.0947,0.96,0.9679,300,12.0,2,1,sqrt,balanced_subsample,3
6,"{""n_estimators"": 300, ""max_depth"": 14, ""min_samples_split"": 2, ""min_samples_leaf"": 1, ""max_features"": 0.5, ""class_weight"": ""balanced""}",0.7699,0.1012,0.959,0.9776,300,14.0,2,1,0.5,balanced,4
2,"{""n_estimators"": 350, ""max_depth"": 16, ""min_samples_split"": 2, ""min_samples_leaf"": 1, ""max_features"": ""sqrt"", ""class_weight"": ""balanced_subsample""}",0.7676,0.0936,0.9571,0.9648,350,16.0,2,1,sqrt,balanced_subsample,5
10,"{""n_estimators"": 350, ""max_depth"": 18, ""min_samples_split"": 2, ""min_samples_leaf"": 2, ""max_features"": ""sqrt"", ""class_weight"": ""balanced_subsample""}",0.7641,0.0954,0.9514,0.9551,350,18.0,2,2,sqrt,balanced_subsample,6
5,"{""n_estimators"": 400, ""max_depth"": 14, ""min_samples_split"": 3, ""min_samples_leaf"": 1, ""max_features"": ""sqrt"", ""class_weight"": ""balanced""}",0.7629,0.1004,0.9495,0.9775,400,14.0,3,1,sqrt,balanced,7
7,"{""n_estimators"": 350, ""max_depth"": 16, ""min_samples_split"": 2, ""min_samples_leaf"": 1, ""max_features"": ""log2"", ""class_weight"": ""balanced""}",0.7629,0.1004,0.9495,0.9775,350,16.0,2,1,log2,balanced,8
9,"{""n_estimators"": 200, ""max_depth"": 14, ""min_samples_split"": 4, ""min_samples_leaf"": 1, ""max_features"": ""sqrt"", ""class_weight"": ""balanced""}",0.7622,0.1011,0.9486,0.9712,200,14.0,4,1,sqrt,balanced,9
1,"{""n_estimators"": 300, ""max_depth"": null, ""min_samples_split"": 2, ""min_samples_leaf"": 1, ""max_features"": ""sqrt"", ""class_weight"": ""balanced""}",0.7614,0.0989,0.9476,0.9743,300,,2,1,sqrt,balanced,10
4,"{""n_estimators"": 250, ""max_depth"": 8, ""min_samples_split"": 4, ""min_samples_leaf"": 2, ""max_features"": ""sqrt"", ""class_weight"": ""balanced""}",0.7565,0.099,0.941,0.9584,250,8.0,4,2,sqrt,balanced,11
3,"{""n_estimators"": 300, ""max_depth"": 12, ""min_samples_split"": 5, ""min_samples_leaf"": 2, ""max_features"": ""sqrt"", ""class_weight"": ""balanced""}",0.7549,0.0998,0.939,0.9616,300,12.0,5,2,sqrt,balanced,12
