feature,importance
COD_mg_L,0.14698601683985577
TSS_mg_L,0.13725478485159698
TUR_NTU,0.1282075070233284
Greywater_Source_Bathroom,0.10627024787600996
BOD_mg_L,0.09616972441531847
DO_mg_L,0.09487395184921076
E_coli_CFU_100mL,0.08525822487285065
DS_mg_L,0.04112477908370503
SAL_ppt,0.03226735092673504
TDS_mg_L,0.030218576960970994
Greywater_Source_Mixed,0.024532675423881156
TEMP_C,0.016043153802047398
pH,0.01227449497453647
K_mg_L,0.010103162054355979
Greywater_Source_Kitchen,0.009810700592327934
COND_uS_cm,0.008730617636789263
NH4F_mg_L,0.008519581454645278
NO3_mg_L,0.007448523809113215
Greywater_Source_Laundry,0.0039059255527212123
