class,class_name,feature,mean_abs_shap,rank
0,Sewer Bypass,COD_mg_L,1.3194,1
0,Sewer Bypass,DO_mg_L,1.034,2
0,Sewer Bypass,TSS_mg_L,0.6827,3
0,Sewer Bypass,BOD_mg_L,0.5601,4
0,Sewer Bypass,E_coli_CFU_100mL,0.5179,5
0,Sewer Bypass,TUR_NTU,0.3094,6
0,Sewer Bypass,TDS_mg_L,0.1834,7
0,Sewer Bypass,SAL_ppt,0.1535,8
0,Sewer Bypass,DS_mg_L,0.0654,9
0,Sewer Bypass,COND_uS_cm,0.0467,10
0,Sewer Bypass,pH,0.0355,11
0,Sewer Bypass,TEMP_C,0.0182,12
0,Sewer Bypass,Greywater_Source_Kitchen,0.0148,13
0,Sewer Bypass,NH4F_mg_L,0.0144,14
0,Sewer Bypass,K_mg_L,0.0106,15
0,Sewer Bypass,NO3_mg_L,0.0099,16
0,Sewer Bypass,Greywater_Source_Mixed,0.0048,17
0,Sewer Bypass,Greywater_Source_Laundry,0.0025,18
0,Sewer Bypass,Greywater_Source_Bathroom,0.0,19
1,Bio-filtration,TSS_mg_L,0.6478,1
1,Bio-filtration,Greywater_Source_Mixed,0.4375,2
1,Bio-filtration,DO_mg_L,0.4268,3
1,Bio-filtration,BOD_mg_L,0.3642,4
1,Bio-filtration,E_coli_CFU_100mL,0.31,5
1,Bio-filtration,TUR_NTU,0.2964,6
1,Bio-filtration,TDS_mg_L,0.1319,7
1,Bio-filtration,COD_mg_L,0.1167,8
1,Bio-filtration,pH,0.0879,9
1,Bio-filtration,SAL_ppt,0.0848,10
1,Bio-filtration,Greywater_Source_Laundry,0.0763,11
1,Bio-filtration,TEMP_C,0.0378,12
1,Bio-filtration,Greywater_Source_Bathroom,0.0252,13
1,Bio-filtration,NH4F_mg_L,0.0243,14
1,Bio-filtration,DS_mg_L,0.0179,15
1,Bio-filtration,NO3_mg_L,0.0162,16
1,Bio-filtration,COND_uS_cm,0.0159,17
1,Bio-filtration,Greywater_Source_Kitchen,0.009,18
1,Bio-filtration,K_mg_L,0.005,19
2,Restricted Irrigation,TSS_mg_L,1.6637,1
2,Restricted Irrigation,E_coli_CFU_100mL,1.2147,2
2,Restricted Irrigation,TUR_NTU,1.0473,3
2,Restricted Irrigation,COD_mg_L,0.736,4
2,Restricted Irrigation,DO_mg_L,0.6072,5
2,Restricted Irrigation,Greywater_Source_Bathroom,0.4432,6
2,Restricted Irrigation,BOD_mg_L,0.4305,7
2,Restricted Irrigation,pH,0.1158,8
2,Restricted Irrigation,SAL_ppt,0.0891,9
2,Restricted Irrigation,COND_uS_cm,0.0239,10
2,Restricted Irrigation,NH4F_mg_L,0.0186,11
2,Restricted Irrigation,TDS_mg_L,0.0119,12
2,Restricted Irrigation,K_mg_L,0.0117,13
2,Restricted Irrigation,TEMP_C,0.0074,14
2,Restricted Irrigation,DS_mg_L,0.007,15
2,Restricted Irrigation,NO3_mg_L,0.006,16
2,Restricted Irrigation,Greywater_Source_Kitchen,0.0,17
2,Restricted Irrigation,Greywater_Source_Laundry,0.0,18
2,Restricted Irrigation,Greywater_Source_Mixed,0.0,19
3,Indoor Reuse,TUR_NTU,0.956,1
3,Indoor Reuse,E_coli_CFU_100mL,0.9503,2
3,Indoor Reuse,DS_mg_L,0.6415,3
3,Indoor Reuse,BOD_mg_L,0.6066,4
3,Indoor Reuse,COD_mg_L,0.5928,5
3,Indoor Reuse,TSS_mg_L,0.5914,6
3,Indoor Reuse,pH,0.293,7
3,Indoor Reuse,COND_uS_cm,0.2923,8
3,Indoor Reuse,K_mg_L,0.1977,9
3,Indoor Reuse,SAL_ppt,0.0764,10
3,Indoor Reuse,TDS_mg_L,0.0674,11
3,Indoor Reuse,TEMP_C,0.0642,12
3,Indoor Reuse,DO_mg_L,0.0475,13
3,Indoor Reuse,NH4F_mg_L,0.036,14
3,Indoor Reuse,NO3_mg_L,0.0239,15
3,Indoor Reuse,Greywater_Source_Laundry,0.0,16
3,Indoor Reuse,Greywater_Source_Kitchen,0.0,17
3,Indoor Reuse,Greywater_Source_Bathroom,0.0,18
3,Indoor Reuse,Greywater_Source_Mixed,0.0,19
