sample_index,source_dataset,dataset_row_idx
23,train,23
43,train,43
44,train,44
51,train,51
63,train,63
76,train,76
78,train,78
81,train,81
101,train,101
128,train,128
155,train,155
184,train,184
221,train,221
231,train,231
265,train,265
270,train,270
275,train,275
294,train,294
342,train,342
358,train,358
479,train,479
485,train,485
486,train,486
582,train,582
588,train,588
618,train,618
621,train,621
643,train,643
649,train,649
668,train,668
670,train,670
718,train,718
730,train,730
732,train,732
771,train,771
772,train,772
781,train,781
803,train,803
858,train,858
867,train,867
963,train,963
997,train,997
1015,train,1015
1030,train,1030
1043,train,1043
1140,validation,90
1179,validation,129
1181,validation,131
1192,validation,142
1213,validation,163
