candidate_id,parameters,mean_cv_macro_f1,std_cv_macro_f1,mean_cv_accuracy,mean_cv_sewer_bypass_recall,n_estimators,max_depth,learning_rate,subsample,colsample_bytree,min_child_weight,gamma,reg_alpha,reg_lambda,rank
13,"{""n_estimators"": 400, ""max_depth"": 3, ""learning_rate"": 0.04, ""subsample"": 0.85, ""colsample_bytree"": 0.85, ""min_child_weight"": 1, ""gamma"": 0.02, ""reg_alpha"": 0.01, ""reg_lambda"": 1}",0.7795,0.0989,0.9724,0.968,400,3,0.04,0.85,0.85,1,0.02,0.01,1.0,1
3,"{""n_estimators"": 200, ""max_depth"": 3, ""learning_rate"": 0.1, ""subsample"": 0.9, ""colsample_bytree"": 0.9, ""min_child_weight"": 1, ""gamma"": 0, ""reg_alpha"": 0, ""reg_lambda"": 1}",0.7795,0.0989,0.9724,0.9648,200,3,0.1,0.9,0.9,1,0.0,0.0,1.0,2
8,"{""n_estimators"": 350, ""max_depth"": 4, ""learning_rate"": 0.03, ""subsample"": 0.9, ""colsample_bytree"": 0.8, ""min_child_weight"": 1, ""gamma"": 0.05, ""reg_alpha"": 0.01, ""reg_lambda"": 1.5}",0.7787,0.0994,0.9714,0.9648,350,4,0.03,0.9,0.8,1,0.05,0.01,1.5,3
6,"{""n_estimators"": 300, ""max_depth"": 3, ""learning_rate"": 0.05, ""subsample"": 0.8, ""colsample_bytree"": 0.8, ""min_child_weight"": 1, ""gamma"": 0, ""reg_alpha"": 0.01, ""reg_lambda"": 1}",0.7786,0.0971,0.9714,0.9648,300,3,0.05,0.8,0.8,1,0.0,0.01,1.0,4
1,"{""n_estimators"": 300, ""max_depth"": 4, ""learning_rate"": 0.05, ""subsample"": 0.8, ""colsample_bytree"": 0.8, ""min_child_weight"": 1, ""gamma"": 0, ""reg_alpha"": 0, ""reg_lambda"": 1}",0.7785,0.0992,0.9714,0.9648,300,4,0.05,0.8,0.8,1,0.0,0.0,1.0,5
4,"{""n_estimators"": 400, ""max_depth"": 4, ""learning_rate"": 0.02, ""subsample"": 0.8, ""colsample_bytree"": 0.7, ""min_child_weight"": 1, ""gamma"": 0.1, ""reg_alpha"": 0.1, ""reg_lambda"": 2}",0.7779,0.0977,0.9705,0.9584,400,4,0.02,0.8,0.7,1,0.1,0.1,2.0,6
9,"{""n_estimators"": 500, ""max_depth"": 4, ""learning_rate"": 0.015, ""subsample"": 0.8, ""colsample_bytree"": 0.8, ""min_child_weight"": 1, ""gamma"": 0.1, ""reg_alpha"": 0.05, ""reg_lambda"": 2}",0.7771,0.098,0.9695,0.9584,500,4,0.015,0.8,0.8,1,0.1,0.05,2.0,7
11,"{""n_estimators"": 250, ""max_depth"": 4, ""learning_rate"": 0.06, ""subsample"": 0.8, ""colsample_bytree"": 0.9, ""min_child_weight"": 1, ""gamma"": 0.05, ""reg_alpha"": 0.01, ""reg_lambda"": 1.2}",0.7766,0.1004,0.9686,0.9615,250,4,0.06,0.8,0.9,1,0.05,0.01,1.2,8
15,"{""n_estimators"": 350, ""max_depth"": 4, ""learning_rate"": 0.045, ""subsample"": 0.8, ""colsample_bytree"": 0.85, ""min_child_weight"": 1, ""gamma"": 0, ""reg_alpha"": 0.02, ""reg_lambda"": 1.5}",0.7757,0.0986,0.9676,0.9584,350,4,0.045,0.8,0.85,1,0.0,0.02,1.5,9
10,"{""n_estimators"": 150, ""max_depth"": 6, ""learning_rate"": 0.08, ""subsample"": 0.85, ""colsample_bytree"": 0.85, ""min_child_weight"": 2, ""gamma"": 0.1, ""reg_alpha"": 0.01, ""reg_lambda"": 1}",0.7746,0.0968,0.9667,0.9584,150,6,0.08,0.85,0.85,2,0.1,0.01,1.0,10
12,"{""n_estimators"": 300, ""max_depth"": 5, ""learning_rate"": 0.03, ""subsample"": 0.8, ""colsample_bytree"": 0.7, ""min_child_weight"": 2, ""gamma"": 0.15, ""reg_alpha"": 0.02, ""reg_lambda"": 2.5}",0.7746,0.0965,0.9667,0.9584,300,5,0.03,0.8,0.7,2,0.15,0.02,2.5,11
5,"{""n_estimators"": 350, ""max_depth"": 5, ""learning_rate"": 0.05, ""subsample"": 0.85, ""colsample_bytree"": 0.85, ""min_child_weight"": 2, ""gamma"": 0.05, ""reg_alpha"": 0.05, ""reg_lambda"": 1.5}",0.7729,0.0932,0.9648,0.9521,350,5,0.05,0.85,0.85,2,0.05,0.05,1.5,12
2,"{""n_estimators"": 300, ""max_depth"": 6, ""learning_rate"": 0.03, ""subsample"": 0.8, ""colsample_bytree"": 0.8, ""min_child_weight"": 3, ""gamma"": 0.1, ""reg_alpha"": 0.01, ""reg_lambda"": 2}",0.772,0.0934,0.9638,0.952,300,6,0.03,0.8,0.8,3,0.1,0.01,2.0,13
7,"{""n_estimators"": 250, ""max_depth"": 5, ""learning_rate"": 0.04, ""subsample"": 0.75, ""colsample_bytree"": 0.75, ""min_child_weight"": 3, ""gamma"": 0.2, ""reg_alpha"": 0.1, ""reg_lambda"": 5}",0.772,0.0934,0.9638,0.952,250,5,0.04,0.75,0.75,3,0.2,0.1,5.0,14
14,"{""n_estimators"": 200, ""max_depth"": 5, ""learning_rate"": 0.05, ""subsample"": 0.7, ""colsample_bytree"": 0.75, ""min_child_weight"": 3, ""gamma"": 0.2, ""reg_alpha"": 0.1, ""reg_lambda"": 3}",0.7712,0.0916,0.9629,0.9488,200,5,0.05,0.7,0.75,3,0.2,0.1,3.0,15
