scenario_id,description,source,predicted_route,prediction_confidence,safety_status,anomaly_status,weather_status,weather_action,storage_status,final_route,final_action,decision_status,override_applied,reason_codes,human_readable_reason
SCENARIO_01_NOMINAL_INDOOR,Clean bathroom greywater in sunny weather,Bathroom,Indoor Reuse,0.94,SAFE_FOR_MODEL_REVIEW,NORMAL,NEUTRAL,ALLOW_ROUTE,NORMAL,Indoor Reuse,ALLOW_ROUTE,APPROVED,False,WQ_ACCEPTABLE|ANOMALY_CLEAN|MODEL_HIGH_CONFIDENCE|ROUTE_INDOOR_REUSE|STORAGE_NORMAL|INDOOR_DECOUPLED,"Supervised model classified this Bathroom sample as Indoor Reuse with 94.0% confidence. All independent safety, anomaly, meteorological, and storage checks were satisfied for operational dispatch."
SCENARIO_02_NOMINAL_IRRIGATION,Laundry greywater suitable for irrigation during clear sunny day,Laundry,Restricted Irrigation,0.88,SAFE_FOR_MODEL_REVIEW,NORMAL,FAVORABLE,ALLOW_ROUTE,NORMAL,Restricted Irrigation,ALLOW_ROUTE,APPROVED,False,WQ_ACCEPTABLE|ANOMALY_CLEAN|MODEL_HIGH_CONFIDENCE|ROUTE_IRRIGATION|STORAGE_NORMAL|WEATHER_FAVORABLE,"Supervised model classified this Laundry sample as Restricted Irrigation with 88.0% confidence. All independent safety, anomaly, meteorological, and storage checks were satisfied for operational dispatch."
SCENARIO_03_IRRIGATION_RAIN_DEFERRED,Irrigation route suppressed due to ambient heavy rainstorm (15mm),Laundry,Restricted Irrigation,0.89,SAFE_FOR_MODEL_REVIEW,NORMAL,UNFAVORABLE,STORE_FOR_LATER,NORMAL,Restricted Irrigation,STORE_FOR_LATER,DEFERRED,False,WQ_ACCEPTABLE|ANOMALY_CLEAN|MODEL_HIGH_CONFIDENCE|ROUTE_IRRIGATION|STORAGE_NORMAL|HIGH_RAINFALL|HIGH_PRECIP_PROBABILITY|IRRIGATION_DEFERRED|WEATHER_UNFAVORABLE,"Supervised model classified this Laundry sample as Restricted Irrigation with 89.0% confidence. No safety violation was detected. However, environmental conditions indicate unfavorable irrigation weather, so direct application is deferred and the volume should be stored for later reuse."
SCENARIO_04_INDOOR_RAIN_UNAFFECTED,Indoor toilet flushing reuse during heavy downpour (decoupled),Bathroom,Indoor Reuse,0.92,SAFE_FOR_MODEL_REVIEW,NORMAL,NEUTRAL,ALLOW_ROUTE,NORMAL,Indoor Reuse,ALLOW_ROUTE,APPROVED,False,WQ_ACCEPTABLE|ANOMALY_CLEAN|MODEL_HIGH_CONFIDENCE|ROUTE_INDOOR_REUSE|STORAGE_NORMAL|INDOOR_DECOUPLED,"Supervised model classified this Bathroom sample as Indoor Reuse with 92.0% confidence. All independent safety, anomaly, meteorological, and storage checks were satisfied for operational dispatch."
SCENARIO_05_CRITICAL_PATHOGEN_SEWER,"Catastrophic cross-contamination (E. coli = 850,000 CFU) forcing Sewer Bypass",Bathroom,Restricted Irrigation,0.72,CRITICAL,NORMAL,FAVORABLE,ALLOW_ROUTE,NORMAL,Sewer Bypass,SAFETY_OVERRIDE,OVERRIDDEN,True,WQ_HIGH_ECOLI|WQ_HIGH_TURBIDITY|WQ_CRITICAL|ANOMALY_CLEAN|MODEL_MEDIUM_CONFIDENCE|ROUTE_IRRIGATION|STORAGE_NORMAL|WEATHER_FAVORABLE|OVERRIDE_SAFETY_CRITICAL,"Critical water-quality or safety cutoff detected (CRITICAL). Although supervised model predicted Restricted Irrigation (72.0% confidence), the safety layer overrode the decision and selected Sewer Bypass for hazard containment."
SCENARIO_06_EXTREME_PH_CHEMICAL,Acidic cleaner discharge (pH = 4.8) forcing Sewer Bypass,Laundry,Bio-filtration,0.65,CRITICAL,NORMAL,NEUTRAL,ALLOW_ROUTE,NORMAL,Sewer Bypass,SAFETY_OVERRIDE,OVERRIDDEN,True,WQ_EXTREME_PH|WQ_CRITICAL|ANOMALY_CLEAN|MODEL_MEDIUM_CONFIDENCE|ROUTE_BIOFILTRATION|STORAGE_NORMAL|WEATHER_FAVORABLE|OVERRIDE_SAFETY_CRITICAL,"Critical water-quality or safety cutoff detected (CRITICAL). Although supervised model predicted Bio-filtration (65.0% confidence), the safety layer overrode the decision and selected Sewer Bypass for hazard containment."
SCENARIO_07_ANOMALY_ONLY_REVIEW,Statistical outlier in mixed source without acute toxic breach -> Anomaly Review,Mixed,Bio-filtration,0.81,SAFE_FOR_MODEL_REVIEW,ANOMALY_REVIEW,NEUTRAL,ALLOW_ROUTE,NORMAL,Bio-filtration,ALLOW_ROUTE,ADVISORY,False,WQ_ACCEPTABLE|ANOMALY_DETECTED|MODEL_HIGH_CONFIDENCE|ROUTE_BIOFILTRATION|STORAGE_NORMAL|WEATHER_FAVORABLE|ANOMALY_REVIEW,Supervised model recommended Bio-filtration (81.0% confidence). An unsupervised statistical anomaly was flagged without acute physical threshold violations; route retained under operator review advisory.
SCENARIO_08_ANOMALY_PLUS_HAZARD_SEWER,"Combined statistical outlier and extreme kitchen loading (COD 890, BOD 520)",Kitchen,Bio-filtration,0.58,CRITICAL,ANOMALY_DETECTED,NEUTRAL,ALLOW_ROUTE,NORMAL,Sewer Bypass,SAFETY_OVERRIDE,OVERRIDDEN,True,WQ_HIGH_ECOLI|WQ_HIGH_COD|WQ_HIGH_BOD|WQ_HIGH_TURBIDITY|WQ_SEPTIC_RISK|WQ_CRITICAL|ANOMALY_DETECTED|MODEL_LOW_CONFIDENCE|ROUTE_BIOFILTRATION|STORAGE_NORMAL|WEATHER_FAVORABLE|OVERRIDE_SAFETY_CRITICAL,"Critical water-quality or safety cutoff detected (CRITICAL). Although supervised model predicted Bio-filtration (58.0% confidence), the safety layer overrode the decision and selected Sewer Bypass for hazard containment."
SCENARIO_09_STORAGE_DETERIORATION_STAGNANT,Greywater retained in tank for 40 hours with deterioration index 0.68,Laundry,Restricted Irrigation,0.85,SAFE_FOR_MODEL_REVIEW,NORMAL,FAVORABLE,ALLOW_ROUTE,HIGH_DETERIORATION,Restricted Irrigation,REVIEW_REQUIRED,FLAGGED_FOR_REVIEW,False,WQ_ACCEPTABLE|ANOMALY_CLEAN|MODEL_HIGH_CONFIDENCE|ROUTE_IRRIGATION|STORAGE_HIGH_DETERIORATION|STAGNATION_DETECTED|WEATHER_FAVORABLE|OVERRIDE_STORAGE_DETERIORATION,Sample classified as Restricted Irrigation. High storage retention age or stagnation was detected; retesting or prioritized usage is recommended before discharge.
SCENARIO_10_LOW_CONFIDENCE_REVIEW,Ambiguous border sample yielding low prediction confidence (48%),Laundry,Bio-filtration,0.48,SAFE_FOR_MODEL_REVIEW,NORMAL,NEUTRAL,ALLOW_ROUTE,NORMAL,Bio-filtration,REVIEW_REQUIRED,FLAGGED_FOR_REVIEW,False,WQ_ACCEPTABLE|ANOMALY_CLEAN|MODEL_LOW_CONFIDENCE|ROUTE_BIOFILTRATION|STORAGE_NORMAL|WEATHER_FAVORABLE|OVERRIDE_LOW_CONFIDENCE,"Supervised model classified this Laundry sample as Bio-filtration with 48.0% confidence. All independent safety, anomaly, meteorological, and storage checks were satisfied for operational dispatch."
