timestamp,tank_id,source,current_level_liters,capacity_liters,fill_percentage,storage_age_hours,temperature_C,temperature_source,deterioration_index,deterioration_status,stagnation_status,shelf_life_status,estimated_remaining_time_hours,microbial_risk_status,recommended_storage_action,inflow_volume_liters,outflow_volume_liters
2026-10-02 06:05:00,TANK_PRIMARY_01,Bathroom,337.75,1000.0,33.77,0.0,23.3,DIGITAL_TWIN,0.0,LOW_DETERIORATION,NORMAL,FRESH,,NOT_EMPIRICALLY_VALIDATED,CONTINUE_MONITORING,87.75,0.0
2026-10-02 06:10:00,TANK_PRIMARY_01,Bathroom,432.6,1000.0,43.26,0.07,29.9,DIGITAL_TWIN,0.121,LOW_DETERIORATION,NORMAL,FRESH,,NOT_EMPIRICALLY_VALIDATED,CONTINUE_MONITORING,94.85,0.0
2026-10-02 06:15:00,TANK_PRIMARY_01,Bathroom,504.5,1000.0,50.45,0.13,25.5,DIGITAL_TWIN,0.088,LOW_DETERIORATION,NORMAL,FRESH,,NOT_EMPIRICALLY_VALIDATED,CONTINUE_MONITORING,71.9,0.0
2026-10-02 06:20:00,TANK_PRIMARY_01,Bathroom,578.85,1000.0,57.88,0.18,28.9,DIGITAL_TWIN,0.118,LOW_DETERIORATION,NORMAL,FRESH,,NOT_EMPIRICALLY_VALIDATED,CONTINUE_MONITORING,74.35,0.0
2026-10-02 06:25:00,TANK_PRIMARY_01,Bathroom,684.35,1000.0,68.44,0.23,23.4,DIGITAL_TWIN,0.074,LOW_DETERIORATION,NORMAL,FRESH,,NOT_EMPIRICALLY_VALIDATED,CONTINUE_MONITORING,105.5,0.0
2026-10-02 06:30:00,TANK_PRIMARY_01,Bathroom,740.45,1000.0,74.05,0.29,25.1,DIGITAL_TWIN,0.09,LOW_DETERIORATION,NORMAL,FRESH,,NOT_EMPIRICALLY_VALIDATED,CONTINUE_MONITORING,56.1,0.0
2026-10-02 06:35:00,TANK_PRIMARY_01,Bathroom,736.7,1000.0,73.67,0.34,29.5,DIGITAL_TWIN,0.129,LOW_DETERIORATION,NORMAL,FRESH,,NOT_EMPIRICALLY_VALIDATED,CONTINUE_MONITORING,41.25,45.0
2026-10-02 06:40:00,TANK_PRIMARY_01,Bathroom,780.45,1000.0,78.05,0.4,24.1,DIGITAL_TWIN,0.085,LOW_DETERIORATION,NORMAL,FRESH,,NOT_EMPIRICALLY_VALIDATED,CONTINUE_MONITORING,43.75,0.0
2026-10-02 06:45:00,TANK_PRIMARY_01,Bathroom,847.4,1000.0,84.74,0.45,31.1,DIGITAL_TWIN,0.146,LOW_DETERIORATION,NORMAL,FRESH,,NOT_EMPIRICALLY_VALIDATED,CONTINUE_MONITORING,66.95,0.0
2026-10-02 06:50:00,TANK_PRIMARY_01,Bathroom,893.3,1000.0,89.33,0.5,28.4,DIGITAL_TWIN,0.124,LOW_DETERIORATION,NORMAL,FRESH,,NOT_EMPIRICALLY_VALIDATED,CONTINUE_MONITORING,45.9,0.0
2026-10-02 06:55:00,TANK_PRIMARY_01,Bathroom,986.7,1000.0,98.67,0.53,26.9,DIGITAL_TWIN,0.113,LOW_DETERIORATION,NORMAL,FRESH,,NOT_EMPIRICALLY_VALIDATED,CONTINUE_MONITORING,93.4,0.0
2026-10-02 07:00:00,TANK_PRIMARY_01,Bathroom,1000.0,1000.0,100.0,0.6,24.0,DIGITAL_TWIN,0.091,LOW_DETERIORATION,NORMAL,FRESH,,NOT_EMPIRICALLY_VALIDATED,CONTINUE_MONITORING,13.3,0.0
2026-10-02 07:05:00,TANK_PRIMARY_01,Bathroom,997.8,1000.0,99.78,0.64,21.9,DIGITAL_TWIN,0.074,LOW_DETERIORATION,NORMAL,FRESH,,NOT_EMPIRICALLY_VALIDATED,CONTINUE_MONITORING,42.8,45.0
2026-10-02 07:10:00,TANK_PRIMARY_01,Bathroom,1000.0,1000.0,100.0,0.73,32.5,DIGITAL_TWIN,0.168,LOW_DETERIORATION,NORMAL,FRESH,,NOT_EMPIRICALLY_VALIDATED,CONTINUE_MONITORING,2.2,0.0
2026-10-02 07:15:00,TANK_PRIMARY_01,Bathroom,1000.0,1000.0,100.0,0.81,26.5,DIGITAL_TWIN,0.119,LOW_DETERIORATION,NORMAL,FRESH,,NOT_EMPIRICALLY_VALIDATED,CONTINUE_MONITORING,0.0,0.0
2026-10-02 07:20:00,TANK_PRIMARY_01,Bathroom,1000.0,1000.0,100.0,0.89,32.1,DIGITAL_TWIN,0.171,LOW_DETERIORATION,NORMAL,FRESH,,NOT_EMPIRICALLY_VALIDATED,CONTINUE_MONITORING,0.0,0.0
2026-10-02 07:25:00,TANK_PRIMARY_01,Bathroom,1000.0,1000.0,100.0,0.98,27.5,DIGITAL_TWIN,0.133,LOW_DETERIORATION,NORMAL,FRESH,,NOT_EMPIRICALLY_VALIDATED,CONTINUE_MONITORING,0.0,0.0
2026-10-02 07:30:00,TANK_PRIMARY_01,Bathroom,1000.0,1000.0,100.0,1.06,26.1,DIGITAL_TWIN,0.124,LOW_DETERIORATION,NORMAL,FRESH,,NOT_EMPIRICALLY_VALIDATED,CONTINUE_MONITORING,0.0,0.0
2026-10-02 07:35:00,TANK_PRIMARY_01,Bathroom,1000.0,1000.0,100.0,1.07,28.2,DIGITAL_TWIN,0.143,LOW_DETERIORATION,NORMAL,FRESH,,NOT_EMPIRICALLY_VALIDATED,CONTINUE_MONITORING,45.0,45.0
2026-10-02 07:40:00,TANK_PRIMARY_01,Bathroom,1000.0,1000.0,100.0,1.16,29.1,DIGITAL_TWIN,0.153,LOW_DETERIORATION,NORMAL,FRESH,,NOT_EMPIRICALLY_VALIDATED,CONTINUE_MONITORING,0.0,0.0
2026-10-02 07:45:00,TANK_PRIMARY_01,Bathroom,1000.0,1000.0,100.0,1.24,26.4,DIGITAL_TWIN,0.132,LOW_DETERIORATION,NORMAL,FRESH,,NOT_EMPIRICALLY_VALIDATED,CONTINUE_MONITORING,0.0,0.0
2026-10-02 07:50:00,TANK_PRIMARY_01,Bathroom,1000.0,1000.0,100.0,1.32,29.3,DIGITAL_TWIN,0.161,LOW_DETERIORATION,NORMAL,FRESH,,NOT_EMPIRICALLY_VALIDATED,CONTINUE_MONITORING,0.0,0.0
2026-10-02 07:55:00,TANK_PRIMARY_01,Bathroom,1000.0,1000.0,100.0,1.41,23.6,DIGITAL_TWIN,0.112,LOW_DETERIORATION,NORMAL,FRESH,,NOT_EMPIRICALLY_VALIDATED,CONTINUE_MONITORING,0.0,0.0
2026-10-02 08:00:00,TANK_PRIMARY_01,Bathroom,1000.0,1000.0,100.0,1.49,22.9,DIGITAL_TWIN,0.108,LOW_DETERIORATION,NORMAL,FRESH,,NOT_EMPIRICALLY_VALIDATED,CONTINUE_MONITORING,0.0,0.0
2026-10-02 08:05:00,TANK_PRIMARY_01,Bathroom,1000.0,1000.0,100.0,1.49,31.9,DIGITAL_TWIN,0.191,LOW_DETERIORATION,NORMAL,FRESH,,NOT_EMPIRICALLY_VALIDATED,CONTINUE_MONITORING,45.0,45.0
2026-10-02 08:10:00,TANK_PRIMARY_01,Bathroom,1000.0,1000.0,100.0,1.57,22.3,DIGITAL_TWIN,0.105,LOW_DETERIORATION,NORMAL,FRESH,,NOT_EMPIRICALLY_VALIDATED,CONTINUE_MONITORING,0.0,0.0
2026-10-02 08:15:00,TANK_PRIMARY_01,Bathroom,1000.0,1000.0,100.0,1.65,23.1,DIGITAL_TWIN,0.114,LOW_DETERIORATION,NORMAL,FRESH,,NOT_EMPIRICALLY_VALIDATED,CONTINUE_MONITORING,0.0,0.0
2026-10-02 08:20:00,TANK_PRIMARY_01,Bathroom,1000.0,1000.0,100.0,1.74,27.1,DIGITAL_TWIN,0.154,LOW_DETERIORATION,NORMAL,FRESH,,NOT_EMPIRICALLY_VALIDATED,CONTINUE_MONITORING,0.0,0.0
2026-10-02 08:25:00,TANK_PRIMARY_01,Bathroom,1000.0,1000.0,100.0,1.82,22.6,DIGITAL_TWIN,0.114,LOW_DETERIORATION,NORMAL,FRESH,,NOT_EMPIRICALLY_VALIDATED,CONTINUE_MONITORING,0.0,0.0
2026-10-02 08:30:00,TANK_PRIMARY_01,Bathroom,1000.0,1000.0,100.0,1.9,31.5,DIGITAL_TWIN,0.202,LOW_DETERIORATION,NORMAL,FRESH,,NOT_EMPIRICALLY_VALIDATED,CONTINUE_MONITORING,0.0,0.0
2026-10-02 08:35:00,TANK_PRIMARY_01,Bathroom,1000.0,1000.0,100.0,1.87,28.4,DIGITAL_TWIN,0.171,LOW_DETERIORATION,NORMAL,FRESH,,NOT_EMPIRICALLY_VALIDATED,CONTINUE_MONITORING,45.0,45.0
2026-10-02 08:40:00,TANK_PRIMARY_01,Bathroom,1000.0,1000.0,100.0,1.96,26.0,DIGITAL_TWIN,0.151,LOW_DETERIORATION,NORMAL,FRESH,,NOT_EMPIRICALLY_VALIDATED,CONTINUE_MONITORING,0.0,0.0
2026-10-02 08:45:00,TANK_PRIMARY_01,Bathroom,1000.0,1000.0,100.0,2.04,30.1,DIGITAL_TWIN,0.193,LOW_DETERIORATION,NORMAL,FRESH,,NOT_EMPIRICALLY_VALIDATED,CONTINUE_MONITORING,0.0,0.0
2026-10-02 08:50:00,TANK_PRIMARY_01,Bathroom,1000.0,1000.0,100.0,2.12,29.4,DIGITAL_TWIN,0.188,LOW_DETERIORATION,NORMAL,FRESH,,NOT_EMPIRICALLY_VALIDATED,CONTINUE_MONITORING,0.0,0.0
2026-10-02 08:55:00,TANK_PRIMARY_01,Bathroom,1000.0,1000.0,100.0,2.21,26.3,DIGITAL_TWIN,0.161,LOW_DETERIORATION,NORMAL,FRESH,,NOT_EMPIRICALLY_VALIDATED,CONTINUE_MONITORING,0.0,0.0
2026-10-02 09:00:00,TANK_PRIMARY_01,Bathroom,1000.0,1000.0,100.0,2.29,29.7,DIGITAL_TWIN,0.197,LOW_DETERIORATION,NORMAL,FRESH,,NOT_EMPIRICALLY_VALIDATED,CONTINUE_MONITORING,0.0,0.0
2026-10-02 09:05:00,TANK_PRIMARY_01,Kitchen,1000.0,1000.0,100.0,2.24,24.5,DIGITAL_TWIN,0.144,LOW_DETERIORATION,NORMAL,FRESH,,NOT_EMPIRICALLY_VALIDATED,CONTINUE_MONITORING,45.0,45.0
2026-10-02 09:10:00,TANK_PRIMARY_01,Kitchen,1000.0,1000.0,100.0,2.32,21.8,DIGITAL_TWIN,0.12,LOW_DETERIORATION,NORMAL,FRESH,,NOT_EMPIRICALLY_VALIDATED,CONTINUE_MONITORING,0.0,0.0
2026-10-02 09:15:00,TANK_PRIMARY_01,Kitchen,1000.0,1000.0,100.0,2.4,33.8,DIGITAL_TWIN,0.242,LOW_DETERIORATION,NORMAL,FRESH,,NOT_EMPIRICALLY_VALIDATED,CONTINUE_MONITORING,0.0,0.0
2026-10-02 09:20:00,TANK_PRIMARY_01,Kitchen,1000.0,1000.0,100.0,2.49,29.1,DIGITAL_TWIN,0.198,LOW_DETERIORATION,NORMAL,FRESH,,NOT_EMPIRICALLY_VALIDATED,CONTINUE_MONITORING,0.0,0.0
2026-10-02 09:25:00,TANK_PRIMARY_01,Kitchen,1000.0,1000.0,100.0,2.57,30.0,DIGITAL_TWIN,0.21,LOW_DETERIORATION,NORMAL,FRESH,,NOT_EMPIRICALLY_VALIDATED,CONTINUE_MONITORING,0.0,0.0
2026-10-02 09:30:00,TANK_PRIMARY_01,Kitchen,1000.0,1000.0,100.0,2.65,27.0,DIGITAL_TWIN,0.182,LOW_DETERIORATION,NORMAL,FRESH,,NOT_EMPIRICALLY_VALIDATED,CONTINUE_MONITORING,0.0,0.0
2026-10-02 09:35:00,TANK_PRIMARY_01,Kitchen,1000.0,1000.0,100.0,2.58,21.8,DIGITAL_TWIN,0.128,LOW_DETERIORATION,NORMAL,FRESH,,NOT_EMPIRICALLY_VALIDATED,CONTINUE_MONITORING,45.0,45.0
2026-10-02 09:40:00,TANK_PRIMARY_01,Kitchen,1000.0,1000.0,100.0,2.66,26.5,DIGITAL_TWIN,0.177,LOW_DETERIORATION,NORMAL,FRESH,,NOT_EMPIRICALLY_VALIDATED,CONTINUE_MONITORING,0.0,0.0
2026-10-02 09:45:00,TANK_PRIMARY_01,Kitchen,1000.0,1000.0,100.0,2.75,31.7,DIGITAL_TWIN,0.233,LOW_DETERIORATION,NORMAL,FRESH,,NOT_EMPIRICALLY_VALIDATED,CONTINUE_MONITORING,0.0,0.0
2026-10-02 09:50:00,TANK_PRIMARY_01,Kitchen,1000.0,1000.0,100.0,2.83,35.0,DIGITAL_TWIN,0.269,MODERATE_DETERIORATION,NORMAL,MONITOR,,NOT_EMPIRICALLY_VALIDATED,PRIORITIZE_USE,0.0,0.0
2026-10-02 09:55:00,TANK_PRIMARY_01,Kitchen,1000.0,1000.0,100.0,2.91,22.1,DIGITAL_TWIN,0.14,LOW_DETERIORATION,NORMAL,FRESH,,NOT_EMPIRICALLY_VALIDATED,CONTINUE_MONITORING,0.0,0.0
2026-10-02 10:00:00,TANK_PRIMARY_01,Kitchen,1000.0,1000.0,100.0,3.0,19.1,DIGITAL_TWIN,0.112,LOW_DETERIORATION,NORMAL,FRESH,,NOT_EMPIRICALLY_VALIDATED,CONTINUE_MONITORING,0.0,0.0
2026-10-02 10:05:00,TANK_PRIMARY_01,Kitchen,1000.0,1000.0,100.0,2.9,25.7,DIGITAL_TWIN,0.176,LOW_DETERIORATION,NORMAL,FRESH,,NOT_EMPIRICALLY_VALIDATED,CONTINUE_MONITORING,45.0,45.0
2026-10-02 10:10:00,TANK_PRIMARY_01,Kitchen,1000.0,1000.0,100.0,2.98,23.2,DIGITAL_TWIN,0.153,LOW_DETERIORATION,NORMAL,FRESH,,NOT_EMPIRICALLY_VALIDATED,CONTINUE_MONITORING,0.0,0.0
2026-10-02 10:15:00,TANK_PRIMARY_01,Kitchen,1000.0,1000.0,100.0,3.07,22.7,DIGITAL_TWIN,0.15,LOW_DETERIORATION,NORMAL,FRESH,,NOT_EMPIRICALLY_VALIDATED,CONTINUE_MONITORING,0.0,0.0
2026-10-02 10:20:00,TANK_PRIMARY_01,Kitchen,1000.0,1000.0,100.0,3.15,24.0,DIGITAL_TWIN,0.165,LOW_DETERIORATION,NORMAL,FRESH,,NOT_EMPIRICALLY_VALIDATED,CONTINUE_MONITORING,0.0,0.0
2026-10-02 10:25:00,TANK_PRIMARY_01,Kitchen,1000.0,1000.0,100.0,3.23,27.3,DIGITAL_TWIN,0.202,LOW_DETERIORATION,NORMAL,FRESH,,NOT_EMPIRICALLY_VALIDATED,CONTINUE_MONITORING,0.0,0.0
2026-10-02 10:30:00,TANK_PRIMARY_01,Kitchen,1000.0,1000.0,100.0,3.32,24.4,DIGITAL_TWIN,0.174,LOW_DETERIORATION,NORMAL,FRESH,,NOT_EMPIRICALLY_VALIDATED,CONTINUE_MONITORING,0.0,0.0
2026-10-02 10:35:00,TANK_PRIMARY_01,Kitchen,1000.0,1000.0,100.0,3.2,20.9,DIGITAL_TWIN,0.135,LOW_DETERIORATION,NORMAL,FRESH,,NOT_EMPIRICALLY_VALIDATED,CONTINUE_MONITORING,45.0,45.0
2026-10-02 10:40:00,TANK_PRIMARY_01,Kitchen,1000.0,1000.0,100.0,3.29,26.7,DIGITAL_TWIN,0.197,LOW_DETERIORATION,NORMAL,FRESH,,NOT_EMPIRICALLY_VALIDATED,CONTINUE_MONITORING,0.0,0.0
2026-10-02 10:45:00,TANK_PRIMARY_01,Kitchen,1000.0,1000.0,100.0,3.37,23.3,DIGITAL_TWIN,0.164,LOW_DETERIORATION,NORMAL,FRESH,,NOT_EMPIRICALLY_VALIDATED,CONTINUE_MONITORING,0.0,0.0
2026-10-02 10:50:00,TANK_PRIMARY_01,Kitchen,1000.0,1000.0,100.0,3.45,26.5,DIGITAL_TWIN,0.2,LOW_DETERIORATION,NORMAL,FRESH,,NOT_EMPIRICALLY_VALIDATED,CONTINUE_MONITORING,0.0,0.0
2026-10-02 10:55:00,TANK_PRIMARY_01,Kitchen,1000.0,1000.0,100.0,3.54,29.3,DIGITAL_TWIN,0.232,LOW_DETERIORATION,NORMAL,FRESH,,NOT_EMPIRICALLY_VALIDATED,CONTINUE_MONITORING,0.0,0.0
2026-10-02 11:00:00,TANK_PRIMARY_01,Kitchen,1000.0,1000.0,100.0,3.62,30.7,DIGITAL_TWIN,0.25,LOW_DETERIORATION,NORMAL,MONITOR,,NOT_EMPIRICALLY_VALIDATED,PRIORITIZE_USE,0.0,0.0
2026-10-02 11:05:00,TANK_PRIMARY_01,Kitchen,1000.0,1000.0,100.0,3.48,20.8,DIGITAL_TWIN,0.141,LOW_DETERIORATION,NORMAL,FRESH,,NOT_EMPIRICALLY_VALIDATED,CONTINUE_MONITORING,45.0,45.0
2026-10-02 11:10:00,TANK_PRIMARY_01,Kitchen,1000.0,1000.0,100.0,3.57,29.3,DIGITAL_TWIN,0.233,LOW_DETERIORATION,NORMAL,FRESH,,NOT_EMPIRICALLY_VALIDATED,CONTINUE_MONITORING,0.0,0.0
2026-10-02 11:15:00,TANK_PRIMARY_01,Kitchen,1000.0,1000.0,100.0,3.65,26.1,DIGITAL_TWIN,0.202,LOW_DETERIORATION,NORMAL,FRESH,,NOT_EMPIRICALLY_VALIDATED,CONTINUE_MONITORING,0.0,0.0
2026-10-02 11:20:00,TANK_PRIMARY_01,Kitchen,1000.0,1000.0,100.0,3.73,28.5,DIGITAL_TWIN,0.229,LOW_DETERIORATION,NORMAL,FRESH,,NOT_EMPIRICALLY_VALIDATED,CONTINUE_MONITORING,0.0,0.0
2026-10-02 11:25:00,TANK_PRIMARY_01,Kitchen,1000.0,1000.0,100.0,3.82,27.4,DIGITAL_TWIN,0.22,LOW_DETERIORATION,NORMAL,FRESH,,NOT_EMPIRICALLY_VALIDATED,CONTINUE_MONITORING,0.0,0.0
2026-10-02 11:30:00,TANK_PRIMARY_01,Kitchen,1000.0,1000.0,100.0,3.9,33.0,DIGITAL_TWIN,0.283,MODERATE_DETERIORATION,NORMAL,MONITOR,,NOT_EMPIRICALLY_VALIDATED,PRIORITIZE_USE,0.0,0.0
2026-10-02 11:35:00,TANK_PRIMARY_01,Kitchen,1000.0,1000.0,100.0,3.74,27.2,DIGITAL_TWIN,0.215,LOW_DETERIORATION,NORMAL,FRESH,,NOT_EMPIRICALLY_VALIDATED,CONTINUE_MONITORING,45.0,45.0
2026-10-02 11:40:00,TANK_PRIMARY_01,Kitchen,1000.0,1000.0,100.0,3.83,27.3,DIGITAL_TWIN,0.219,LOW_DETERIORATION,NORMAL,FRESH,,NOT_EMPIRICALLY_VALIDATED,CONTINUE_MONITORING,0.0,0.0
2026-10-02 11:45:00,TANK_PRIMARY_01,Kitchen,1000.0,1000.0,100.0,3.91,27.6,DIGITAL_TWIN,0.225,LOW_DETERIORATION,NORMAL,FRESH,,NOT_EMPIRICALLY_VALIDATED,CONTINUE_MONITORING,0.0,0.0
2026-10-02 11:50:00,TANK_PRIMARY_01,Kitchen,1000.0,1000.0,100.0,3.99,26.9,DIGITAL_TWIN,0.219,LOW_DETERIORATION,NORMAL,FRESH,,NOT_EMPIRICALLY_VALIDATED,CONTINUE_MONITORING,0.0,0.0
2026-10-02 11:55:00,TANK_PRIMARY_01,Kitchen,1000.0,1000.0,100.0,4.08,26.7,DIGITAL_TWIN,0.22,LOW_DETERIORATION,NORMAL,FRESH,,NOT_EMPIRICALLY_VALIDATED,CONTINUE_MONITORING,0.0,0.0
2026-10-02 12:00:00,TANK_PRIMARY_01,Kitchen,1000.0,1000.0,100.0,4.16,24.4,DIGITAL_TWIN,0.197,LOW_DETERIORATION,NORMAL,FRESH,,NOT_EMPIRICALLY_VALIDATED,CONTINUE_MONITORING,0.0,0.0
2026-10-02 12:05:00,TANK_PRIMARY_01,Laundry,1000.0,1000.0,100.0,3.98,24.7,DIGITAL_TWIN,0.196,LOW_DETERIORATION,NORMAL,FRESH,,NOT_EMPIRICALLY_VALIDATED,CONTINUE_MONITORING,45.0,45.0
2026-10-02 12:10:00,TANK_PRIMARY_01,Laundry,1000.0,1000.0,100.0,4.07,27.3,DIGITAL_TWIN,0.226,LOW_DETERIORATION,NORMAL,FRESH,,NOT_EMPIRICALLY_VALIDATED,CONTINUE_MONITORING,0.0,0.0
2026-10-02 12:15:00,TANK_PRIMARY_01,Laundry,1000.0,1000.0,100.0,4.15,32.1,DIGITAL_TWIN,0.281,MODERATE_DETERIORATION,NORMAL,MONITOR,,NOT_EMPIRICALLY_VALIDATED,PRIORITIZE_USE,0.0,0.0
2026-10-02 12:20:00,TANK_PRIMARY_01,Laundry,1000.0,1000.0,100.0,4.23,25.6,DIGITAL_TWIN,0.212,LOW_DETERIORATION,NORMAL,FRESH,,NOT_EMPIRICALLY_VALIDATED,CONTINUE_MONITORING,0.0,0.0
2026-10-02 12:25:00,TANK_PRIMARY_01,Laundry,1000.0,1000.0,100.0,4.32,27.9,DIGITAL_TWIN,0.239,LOW_DETERIORATION,NORMAL,FRESH,,NOT_EMPIRICALLY_VALIDATED,CONTINUE_MONITORING,0.0,0.0
2026-10-02 12:30:00,TANK_PRIMARY_01,Laundry,1000.0,1000.0,100.0,4.4,27.5,DIGITAL_TWIN,0.238,LOW_DETERIORATION,NORMAL,FRESH,,NOT_EMPIRICALLY_VALIDATED,CONTINUE_MONITORING,0.0,0.0
2026-10-02 12:35:00,TANK_PRIMARY_01,Laundry,1000.0,1000.0,100.0,4.2,24.2,DIGITAL_TWIN,0.196,LOW_DETERIORATION,NORMAL,FRESH,,NOT_EMPIRICALLY_VALIDATED,CONTINUE_MONITORING,45.0,45.0
2026-10-02 12:40:00,TANK_PRIMARY_01,Laundry,1000.0,1000.0,100.0,4.29,35.3,DIGITAL_TWIN,0.322,MODERATE_DETERIORATION,NORMAL,MONITOR,,NOT_EMPIRICALLY_VALIDATED,PRIORITIZE_USE,0.0,0.0
2026-10-02 12:45:00,TANK_PRIMARY_01,Laundry,1000.0,1000.0,100.0,4.37,26.8,DIGITAL_TWIN,0.229,LOW_DETERIORATION,NORMAL,FRESH,,NOT_EMPIRICALLY_VALIDATED,CONTINUE_MONITORING,0.0,0.0
2026-10-02 12:50:00,TANK_PRIMARY_01,Laundry,1000.0,1000.0,100.0,4.45,30.5,DIGITAL_TWIN,0.273,MODERATE_DETERIORATION,NORMAL,MONITOR,,NOT_EMPIRICALLY_VALIDATED,PRIORITIZE_USE,0.0,0.0
2026-10-02 12:55:00,TANK_PRIMARY_01,Laundry,1000.0,1000.0,100.0,4.54,28.2,DIGITAL_TWIN,0.249,LOW_DETERIORATION,NORMAL,FRESH,,NOT_EMPIRICALLY_VALIDATED,CONTINUE_MONITORING,0.0,0.0
2026-10-02 13:00:00,TANK_PRIMARY_01,Laundry,1000.0,1000.0,100.0,4.62,33.6,DIGITAL_TWIN,0.313,MODERATE_DETERIORATION,NORMAL,MONITOR,,NOT_EMPIRICALLY_VALIDATED,PRIORITIZE_USE,0.0,0.0
2026-10-02 13:05:00,TANK_PRIMARY_01,Laundry,1000.0,1000.0,100.0,4.4,22.9,DIGITAL_TWIN,0.187,LOW_DETERIORATION,NORMAL,FRESH,,NOT_EMPIRICALLY_VALIDATED,CONTINUE_MONITORING,45.0,45.0
2026-10-02 13:10:00,TANK_PRIMARY_01,Laundry,1000.0,1000.0,100.0,4.49,26.2,DIGITAL_TWIN,0.226,LOW_DETERIORATION,NORMAL,FRESH,,NOT_EMPIRICALLY_VALIDATED,CONTINUE_MONITORING,0.0,0.0
2026-10-02 13:15:00,TANK_PRIMARY_01,Laundry,1000.0,1000.0,100.0,4.57,26.6,DIGITAL_TWIN,0.232,LOW_DETERIORATION,NORMAL,FRESH,,NOT_EMPIRICALLY_VALIDATED,CONTINUE_MONITORING,0.0,0.0
2026-10-02 13:20:00,TANK_PRIMARY_01,Laundry,1000.0,1000.0,100.0,4.65,20.3,DIGITAL_TWIN,0.165,LOW_DETERIORATION,NORMAL,FRESH,,NOT_EMPIRICALLY_VALIDATED,CONTINUE_MONITORING,0.0,0.0
2026-10-02 13:25:00,TANK_PRIMARY_01,Laundry,1000.0,1000.0,100.0,4.74,25.2,DIGITAL_TWIN,0.221,LOW_DETERIORATION,NORMAL,FRESH,,NOT_EMPIRICALLY_VALIDATED,CONTINUE_MONITORING,0.0,0.0
2026-10-02 13:30:00,TANK_PRIMARY_01,Laundry,1000.0,1000.0,100.0,4.82,27.0,DIGITAL_TWIN,0.243,LOW_DETERIORATION,NORMAL,FRESH,,NOT_EMPIRICALLY_VALIDATED,CONTINUE_MONITORING,0.0,0.0
2026-10-02 13:35:00,TANK_PRIMARY_01,Laundry,1000.0,1000.0,100.0,4.58,29.4,DIGITAL_TWIN,0.264,MODERATE_DETERIORATION,NORMAL,MONITOR,,NOT_EMPIRICALLY_VALIDATED,PRIORITIZE_USE,45.0,45.0
2026-10-02 13:40:00,TANK_PRIMARY_01,Laundry,1000.0,1000.0,100.0,4.66,33.0,DIGITAL_TWIN,0.308,MODERATE_DETERIORATION,NORMAL,MONITOR,,NOT_EMPIRICALLY_VALIDATED,PRIORITIZE_USE,0.0,0.0
2026-10-02 13:45:00,TANK_PRIMARY_01,Laundry,1000.0,1000.0,100.0,4.75,23.1,DIGITAL_TWIN,0.198,LOW_DETERIORATION,NORMAL,FRESH,,NOT_EMPIRICALLY_VALIDATED,CONTINUE_MONITORING,0.0,0.0
2026-10-02 13:50:00,TANK_PRIMARY_01,Laundry,1000.0,1000.0,100.0,4.83,25.7,DIGITAL_TWIN,0.229,LOW_DETERIORATION,NORMAL,FRESH,,NOT_EMPIRICALLY_VALIDATED,CONTINUE_MONITORING,0.0,0.0
2026-10-02 13:55:00,TANK_PRIMARY_01,Laundry,1000.0,1000.0,100.0,4.91,22.1,DIGITAL_TWIN,0.192,LOW_DETERIORATION,NORMAL,FRESH,,NOT_EMPIRICALLY_VALIDATED,CONTINUE_MONITORING,0.0,0.0
2026-10-02 14:00:00,TANK_PRIMARY_01,Laundry,1000.0,1000.0,100.0,5.0,32.7,DIGITAL_TWIN,0.314,MODERATE_DETERIORATION,NORMAL,MONITOR,,NOT_EMPIRICALLY_VALIDATED,PRIORITIZE_USE,0.0,0.0
2026-10-02 14:05:00,TANK_PRIMARY_01,Laundry,1000.0,1000.0,100.0,4.74,28.5,DIGITAL_TWIN,0.258,MODERATE_DETERIORATION,NORMAL,MONITOR,,NOT_EMPIRICALLY_VALIDATED,PRIORITIZE_USE,45.0,45.0
2026-10-02 14:10:00,TANK_PRIMARY_01,Laundry,1000.0,1000.0,100.0,4.82,27.2,DIGITAL_TWIN,0.245,LOW_DETERIORATION,NORMAL,FRESH,,NOT_EMPIRICALLY_VALIDATED,CONTINUE_MONITORING,0.0,0.0
2026-10-02 14:15:00,TANK_PRIMARY_01,Laundry,1000.0,1000.0,100.0,4.91,25.3,DIGITAL_TWIN,0.226,LOW_DETERIORATION,NORMAL,FRESH,,NOT_EMPIRICALLY_VALIDATED,CONTINUE_MONITORING,0.0,0.0
2026-10-02 14:20:00,TANK_PRIMARY_01,Laundry,1000.0,1000.0,100.0,4.99,30.0,DIGITAL_TWIN,0.282,MODERATE_DETERIORATION,NORMAL,MONITOR,,NOT_EMPIRICALLY_VALIDATED,PRIORITIZE_USE,0.0,0.0
2026-10-02 14:25:00,TANK_PRIMARY_01,Laundry,1000.0,1000.0,100.0,5.07,30.3,DIGITAL_TWIN,0.288,MODERATE_DETERIORATION,NORMAL,MONITOR,,NOT_EMPIRICALLY_VALIDATED,PRIORITIZE_USE,0.0,0.0
2026-10-02 14:30:00,TANK_PRIMARY_01,Laundry,1000.0,1000.0,100.0,5.16,27.6,DIGITAL_TWIN,0.26,MODERATE_DETERIORATION,NORMAL,MONITOR,,NOT_EMPIRICALLY_VALIDATED,PRIORITIZE_USE,0.0,0.0
2026-10-02 14:35:00,TANK_PRIMARY_01,Laundry,1000.0,1000.0,100.0,4.88,30.4,DIGITAL_TWIN,0.284,MODERATE_DETERIORATION,NORMAL,MONITOR,,NOT_EMPIRICALLY_VALIDATED,PRIORITIZE_USE,45.0,45.0
2026-10-02 14:40:00,TANK_PRIMARY_01,Laundry,1000.0,1000.0,100.0,4.96,22.4,DIGITAL_TWIN,0.196,LOW_DETERIORATION,NORMAL,FRESH,,NOT_EMPIRICALLY_VALIDATED,CONTINUE_MONITORING,0.0,0.0
2026-10-02 14:45:00,TANK_PRIMARY_01,Laundry,1000.0,1000.0,100.0,5.04,31.3,DIGITAL_TWIN,0.299,MODERATE_DETERIORATION,NORMAL,MONITOR,,NOT_EMPIRICALLY_VALIDATED,PRIORITIZE_USE,0.0,0.0
2026-10-02 14:50:00,TANK_PRIMARY_01,Laundry,1000.0,1000.0,100.0,5.13,34.8,DIGITAL_TWIN,0.343,MODERATE_DETERIORATION,NORMAL,MONITOR,,NOT_EMPIRICALLY_VALIDATED,PRIORITIZE_USE,0.0,0.0
2026-10-02 14:55:00,TANK_PRIMARY_01,Laundry,1000.0,1000.0,100.0,5.21,19.7,DIGITAL_TWIN,0.172,LOW_DETERIORATION,NORMAL,FRESH,,NOT_EMPIRICALLY_VALIDATED,CONTINUE_MONITORING,0.0,0.0
2026-10-02 15:00:00,TANK_PRIMARY_01,Laundry,1000.0,1000.0,100.0,5.29,23.1,DIGITAL_TWIN,0.212,LOW_DETERIORATION,NORMAL,FRESH,,NOT_EMPIRICALLY_VALIDATED,CONTINUE_MONITORING,0.0,0.0
2026-10-02 15:05:00,TANK_PRIMARY_01,Laundry,1000.0,1000.0,100.0,5.0,29.2,DIGITAL_TWIN,0.273,MODERATE_DETERIORATION,NORMAL,MONITOR,,NOT_EMPIRICALLY_VALIDATED,PRIORITIZE_USE,45.0,45.0
2026-10-02 15:10:00,TANK_PRIMARY_01,Laundry,1000.0,1000.0,100.0,5.08,28.9,DIGITAL_TWIN,0.272,MODERATE_DETERIORATION,NORMAL,MONITOR,,NOT_EMPIRICALLY_VALIDATED,PRIORITIZE_USE,0.0,0.0
2026-10-02 15:15:00,TANK_PRIMARY_01,Laundry,1000.0,1000.0,100.0,5.16,27.5,DIGITAL_TWIN,0.259,MODERATE_DETERIORATION,NORMAL,MONITOR,,NOT_EMPIRICALLY_VALIDATED,SAFETY_REVIEW,0.0,0.0
2026-10-02 15:20:00,TANK_PRIMARY_01,Laundry,1000.0,1000.0,100.0,5.25,22.4,DIGITAL_TWIN,0.203,LOW_DETERIORATION,NORMAL,FRESH,,NOT_EMPIRICALLY_VALIDATED,SAFETY_REVIEW,0.0,0.0
2026-10-02 15:25:00,TANK_PRIMARY_01,Laundry,1000.0,1000.0,100.0,5.33,23.4,DIGITAL_TWIN,0.216,LOW_DETERIORATION,NORMAL,FRESH,,NOT_EMPIRICALLY_VALIDATED,SAFETY_REVIEW,0.0,0.0
2026-10-02 15:30:00,TANK_PRIMARY_01,Laundry,1000.0,1000.0,100.0,5.41,29.2,DIGITAL_TWIN,0.286,MODERATE_DETERIORATION,NORMAL,MONITOR,,NOT_EMPIRICALLY_VALIDATED,SAFETY_REVIEW,0.0,0.0
2026-10-02 15:35:00,TANK_PRIMARY_01,Laundry,1000.0,1000.0,100.0,5.1,34.0,DIGITAL_TWIN,0.332,MODERATE_DETERIORATION,NORMAL,MONITOR,,NOT_EMPIRICALLY_VALIDATED,SAFETY_REVIEW,45.0,45.0
2026-10-02 15:40:00,TANK_PRIMARY_01,Laundry,1000.0,1000.0,100.0,5.18,27.1,DIGITAL_TWIN,0.254,MODERATE_DETERIORATION,NORMAL,MONITOR,,NOT_EMPIRICALLY_VALIDATED,SAFETY_REVIEW,0.0,0.0
2026-10-02 15:45:00,TANK_PRIMARY_01,Laundry,1000.0,1000.0,100.0,5.26,26.8,DIGITAL_TWIN,0.254,MODERATE_DETERIORATION,NORMAL,MONITOR,,NOT_EMPIRICALLY_VALIDATED,SAFETY_REVIEW,0.0,0.0
2026-10-02 15:50:00,TANK_PRIMARY_01,Laundry,1000.0,1000.0,100.0,5.35,31.8,DIGITAL_TWIN,0.314,MODERATE_DETERIORATION,NORMAL,MONITOR,,NOT_EMPIRICALLY_VALIDATED,SAFETY_REVIEW,0.0,0.0
2026-10-02 15:55:00,TANK_PRIMARY_01,Laundry,1000.0,1000.0,100.0,5.43,27.6,DIGITAL_TWIN,0.267,MODERATE_DETERIORATION,NORMAL,MONITOR,,NOT_EMPIRICALLY_VALIDATED,SAFETY_REVIEW,0.0,0.0
2026-10-02 16:00:00,TANK_PRIMARY_01,Laundry,1000.0,1000.0,100.0,5.51,28.2,DIGITAL_TWIN,0.276,MODERATE_DETERIORATION,NORMAL,MONITOR,,NOT_EMPIRICALLY_VALIDATED,SAFETY_REVIEW,0.0,0.0
2026-10-02 16:05:00,TANK_PRIMARY_01,Kitchen,996.55,1000.0,99.65,5.2,21.4,DIGITAL_TWIN,0.191,LOW_DETERIORATION,NORMAL,FRESH,,NOT_EMPIRICALLY_VALIDATED,SAFETY_REVIEW,41.55,45.0
2026-10-02 16:10:00,TANK_PRIMARY_01,Kitchen,1000.0,1000.0,100.0,5.26,23.8,DIGITAL_TWIN,0.219,LOW_DETERIORATION,NORMAL,FRESH,,NOT_EMPIRICALLY_VALIDATED,SAFETY_REVIEW,3.45,0.0
2026-10-02 16:15:00,TANK_PRIMARY_01,Kitchen,1000.0,1000.0,100.0,5.34,21.1,DIGITAL_TWIN,0.19,LOW_DETERIORATION,NORMAL,FRESH,,NOT_EMPIRICALLY_VALIDATED,SAFETY_REVIEW,0.0,0.0
2026-10-02 16:20:00,TANK_PRIMARY_01,Kitchen,1000.0,1000.0,100.0,5.43,24.7,DIGITAL_TWIN,0.233,LOW_DETERIORATION,NORMAL,FRESH,,NOT_EMPIRICALLY_VALIDATED,SAFETY_REVIEW,0.0,0.0
2026-10-02 16:25:00,TANK_PRIMARY_01,Kitchen,1000.0,1000.0,100.0,5.51,28.0,DIGITAL_TWIN,0.274,MODERATE_DETERIORATION,NORMAL,MONITOR,,NOT_EMPIRICALLY_VALIDATED,SAFETY_REVIEW,0.0,0.0
2026-10-02 16:30:00,TANK_PRIMARY_01,Kitchen,1000.0,1000.0,100.0,5.59,23.4,DIGITAL_TWIN,0.223,LOW_DETERIORATION,NORMAL,FRESH,,NOT_EMPIRICALLY_VALIDATED,CONTINUE_MONITORING,0.0,0.0
2026-10-02 16:35:00,TANK_PRIMARY_01,Kitchen,1000.0,1000.0,100.0,5.24,26.3,DIGITAL_TWIN,0.246,LOW_DETERIORATION,NORMAL,FRESH,,NOT_EMPIRICALLY_VALIDATED,CONTINUE_MONITORING,45.0,45.0
2026-10-02 16:40:00,TANK_PRIMARY_01,Kitchen,1000.0,1000.0,100.0,5.32,26.0,DIGITAL_TWIN,0.246,LOW_DETERIORATION,NORMAL,FRESH,,NOT_EMPIRICALLY_VALIDATED,CONTINUE_MONITORING,0.0,0.0
2026-10-02 16:45:00,TANK_PRIMARY_01,Kitchen,1000.0,1000.0,100.0,5.41,26.3,DIGITAL_TWIN,0.251,MODERATE_DETERIORATION,NORMAL,MONITOR,,NOT_EMPIRICALLY_VALIDATED,PRIORITIZE_USE,0.0,0.0
2026-10-02 16:50:00,TANK_PRIMARY_01,Kitchen,1000.0,1000.0,100.0,5.49,35.1,DIGITAL_TWIN,0.357,MODERATE_DETERIORATION,NORMAL,MONITOR,,NOT_EMPIRICALLY_VALIDATED,PRIORITIZE_USE,0.0,0.0
2026-10-02 16:55:00,TANK_PRIMARY_01,Kitchen,1000.0,1000.0,100.0,5.57,29.9,DIGITAL_TWIN,0.297,MODERATE_DETERIORATION,NORMAL,MONITOR,,NOT_EMPIRICALLY_VALIDATED,PRIORITIZE_USE,0.0,0.0
2026-10-02 17:00:00,TANK_PRIMARY_01,Kitchen,1000.0,1000.0,100.0,5.66,28.0,DIGITAL_TWIN,0.278,MODERATE_DETERIORATION,NORMAL,MONITOR,,NOT_EMPIRICALLY_VALIDATED,PRIORITIZE_USE,0.0,0.0
2026-10-02 17:05:00,TANK_PRIMARY_01,Kitchen,1000.0,1000.0,100.0,5.28,34.7,DIGITAL_TWIN,0.346,MODERATE_DETERIORATION,NORMAL,MONITOR,,NOT_EMPIRICALLY_VALIDATED,PRIORITIZE_USE,45.0,45.0
2026-10-02 17:10:00,TANK_PRIMARY_01,Kitchen,1000.0,1000.0,100.0,5.37,26.8,DIGITAL_TWIN,0.256,MODERATE_DETERIORATION,NORMAL,MONITOR,,NOT_EMPIRICALLY_VALIDATED,PRIORITIZE_USE,0.0,0.0
2026-10-02 17:15:00,TANK_PRIMARY_01,Kitchen,1000.0,1000.0,100.0,5.45,26.9,DIGITAL_TWIN,0.26,MODERATE_DETERIORATION,NORMAL,MONITOR,,NOT_EMPIRICALLY_VALIDATED,PRIORITIZE_USE,0.0,0.0
2026-10-02 17:20:00,TANK_PRIMARY_01,Kitchen,1000.0,1000.0,100.0,5.53,29.2,DIGITAL_TWIN,0.289,MODERATE_DETERIORATION,NORMAL,MONITOR,,NOT_EMPIRICALLY_VALIDATED,PRIORITIZE_USE,0.0,0.0
2026-10-02 17:25:00,TANK_PRIMARY_01,Kitchen,1000.0,1000.0,100.0,5.62,33.9,DIGITAL_TWIN,0.346,MODERATE_DETERIORATION,NORMAL,MONITOR,,NOT_EMPIRICALLY_VALIDATED,PRIORITIZE_USE,0.0,0.0
2026-10-02 17:30:00,TANK_PRIMARY_01,Kitchen,1000.0,1000.0,100.0,5.7,26.7,DIGITAL_TWIN,0.263,MODERATE_DETERIORATION,NORMAL,MONITOR,,NOT_EMPIRICALLY_VALIDATED,PRIORITIZE_USE,0.0,0.0
2026-10-02 17:35:00,TANK_PRIMARY_01,Kitchen,1000.0,1000.0,100.0,5.3,29.7,DIGITAL_TWIN,0.288,MODERATE_DETERIORATION,NORMAL,MONITOR,,NOT_EMPIRICALLY_VALIDATED,PRIORITIZE_USE,45.0,45.0
2026-10-02 17:40:00,TANK_PRIMARY_01,Kitchen,1000.0,1000.0,100.0,5.39,26.6,DIGITAL_TWIN,0.254,MODERATE_DETERIORATION,NORMAL,MONITOR,,NOT_EMPIRICALLY_VALIDATED,PRIORITIZE_USE,0.0,0.0
2026-10-02 17:45:00,TANK_PRIMARY_01,Kitchen,1000.0,1000.0,100.0,5.47,21.3,DIGITAL_TWIN,0.196,LOW_DETERIORATION,NORMAL,FRESH,,NOT_EMPIRICALLY_VALIDATED,CONTINUE_MONITORING,0.0,0.0
2026-10-02 17:50:00,TANK_PRIMARY_01,Kitchen,1000.0,1000.0,100.0,5.55,30.6,DIGITAL_TWIN,0.306,MODERATE_DETERIORATION,NORMAL,MONITOR,,NOT_EMPIRICALLY_VALIDATED,PRIORITIZE_USE,0.0,0.0
2026-10-02 17:55:00,TANK_PRIMARY_01,Kitchen,1000.0,1000.0,100.0,5.64,23.3,DIGITAL_TWIN,0.223,LOW_DETERIORATION,NORMAL,FRESH,,NOT_EMPIRICALLY_VALIDATED,CONTINUE_MONITORING,0.0,0.0
2026-10-02 18:00:00,TANK_PRIMARY_01,Kitchen,1000.0,1000.0,100.0,5.72,30.8,DIGITAL_TWIN,0.312,MODERATE_DETERIORATION,NORMAL,MONITOR,,NOT_EMPIRICALLY_VALIDATED,PRIORITIZE_USE,0.0,0.0
2026-10-02 18:05:00,TANK_PRIMARY_01,Kitchen,1000.0,1000.0,100.0,5.31,32.6,DIGITAL_TWIN,0.322,MODERATE_DETERIORATION,NORMAL,MONITOR,,NOT_EMPIRICALLY_VALIDATED,PRIORITIZE_USE,45.0,45.0
2026-10-02 18:10:00,TANK_PRIMARY_01,Kitchen,1000.0,1000.0,100.0,5.39,28.7,DIGITAL_TWIN,0.279,MODERATE_DETERIORATION,NORMAL,MONITOR,,NOT_EMPIRICALLY_VALIDATED,PRIORITIZE_USE,0.0,0.0
2026-10-02 18:15:00,TANK_PRIMARY_01,Kitchen,1000.0,1000.0,100.0,5.47,23.2,DIGITAL_TWIN,0.218,LOW_DETERIORATION,NORMAL,FRESH,,NOT_EMPIRICALLY_VALIDATED,CONTINUE_MONITORING,0.0,0.0
2026-10-02 18:20:00,TANK_PRIMARY_01,Kitchen,1000.0,1000.0,100.0,5.56,27.4,DIGITAL_TWIN,0.268,MODERATE_DETERIORATION,NORMAL,MONITOR,,NOT_EMPIRICALLY_VALIDATED,PRIORITIZE_USE,0.0,0.0
2026-10-02 18:25:00,TANK_PRIMARY_01,Kitchen,1000.0,1000.0,100.0,5.64,23.1,DIGITAL_TWIN,0.221,LOW_DETERIORATION,NORMAL,FRESH,,NOT_EMPIRICALLY_VALIDATED,CONTINUE_MONITORING,0.0,0.0
2026-10-02 18:30:00,TANK_PRIMARY_01,Kitchen,1000.0,1000.0,100.0,5.72,28.7,DIGITAL_TWIN,0.288,MODERATE_DETERIORATION,NORMAL,MONITOR,,NOT_EMPIRICALLY_VALIDATED,PRIORITIZE_USE,0.0,0.0
2026-10-02 18:35:00,TANK_PRIMARY_01,Kitchen,994.7,1000.0,99.47,5.33,26.6,DIGITAL_TWIN,0.253,MODERATE_DETERIORATION,NORMAL,MONITOR,,NOT_EMPIRICALLY_VALIDATED,PRIORITIZE_USE,39.7,45.0
2026-10-02 18:40:00,TANK_PRIMARY_01,Kitchen,1000.0,1000.0,100.0,5.39,25.8,DIGITAL_TWIN,0.245,LOW_DETERIORATION,NORMAL,FRESH,,NOT_EMPIRICALLY_VALIDATED,CONTINUE_MONITORING,5.3,0.0
2026-10-02 18:45:00,TANK_PRIMARY_01,Kitchen,1000.0,1000.0,100.0,5.47,30.5,DIGITAL_TWIN,0.302,MODERATE_DETERIORATION,NORMAL,MONITOR,,NOT_EMPIRICALLY_VALIDATED,PRIORITIZE_USE,0.0,0.0
2026-10-02 18:50:00,TANK_PRIMARY_01,Kitchen,1000.0,1000.0,100.0,5.56,21.3,DIGITAL_TWIN,0.198,LOW_DETERIORATION,NORMAL,FRESH,,NOT_EMPIRICALLY_VALIDATED,CONTINUE_MONITORING,0.0,0.0
2026-10-02 18:55:00,TANK_PRIMARY_01,Kitchen,1000.0,1000.0,100.0,5.64,27.1,DIGITAL_TWIN,0.267,MODERATE_DETERIORATION,NORMAL,MONITOR,,NOT_EMPIRICALLY_VALIDATED,PRIORITIZE_USE,0.0,0.0
2026-10-02 19:00:00,TANK_PRIMARY_01,Kitchen,1000.0,1000.0,100.0,5.72,29.2,DIGITAL_TWIN,0.294,MODERATE_DETERIORATION,NORMAL,MONITOR,,NOT_EMPIRICALLY_VALIDATED,PRIORITIZE_USE,0.0,0.0
2026-10-02 19:05:00,TANK_PRIMARY_01,Kitchen,982.5,1000.0,98.25,5.4,28.0,DIGITAL_TWIN,0.271,MODERATE_DETERIORATION,NORMAL,MONITOR,,NOT_EMPIRICALLY_VALIDATED,PRIORITIZE_USE,27.5,45.0
2026-10-02 19:10:00,TANK_PRIMARY_01,Kitchen,1000.0,1000.0,100.0,5.39,28.4,DIGITAL_TWIN,0.275,MODERATE_DETERIORATION,NORMAL,MONITOR,,NOT_EMPIRICALLY_VALIDATED,PRIORITIZE_USE,17.5,0.0
2026-10-02 19:15:00,TANK_PRIMARY_01,Kitchen,1000.0,1000.0,100.0,5.47,29.9,DIGITAL_TWIN,0.295,MODERATE_DETERIORATION,NORMAL,MONITOR,,NOT_EMPIRICALLY_VALIDATED,PRIORITIZE_USE,0.0,0.0
2026-10-02 19:20:00,TANK_PRIMARY_01,Kitchen,1000.0,1000.0,100.0,5.55,23.9,DIGITAL_TWIN,0.227,LOW_DETERIORATION,NORMAL,FRESH,,NOT_EMPIRICALLY_VALIDATED,CONTINUE_MONITORING,0.0,0.0
2026-10-02 19:25:00,TANK_PRIMARY_01,Kitchen,1000.0,1000.0,100.0,5.64,26.9,DIGITAL_TWIN,0.265,MODERATE_DETERIORATION,NORMAL,MONITOR,,NOT_EMPIRICALLY_VALIDATED,PRIORITIZE_USE,0.0,0.0
2026-10-02 19:30:00,TANK_PRIMARY_01,Kitchen,1000.0,1000.0,100.0,5.72,27.9,DIGITAL_TWIN,0.278,MODERATE_DETERIORATION,NORMAL,MONITOR,,NOT_EMPIRICALLY_VALIDATED,PRIORITIZE_USE,0.0,0.0
2026-10-02 19:35:00,TANK_PRIMARY_01,Kitchen,977.5,1000.0,97.75,5.43,29.8,DIGITAL_TWIN,0.292,MODERATE_DETERIORATION,NORMAL,MONITOR,,NOT_EMPIRICALLY_VALIDATED,PRIORITIZE_USE,22.5,45.0
2026-10-02 19:40:00,TANK_PRIMARY_01,Kitchen,1000.0,1000.0,100.0,5.39,20.6,DIGITAL_TWIN,0.186,LOW_DETERIORATION,NORMAL,FRESH,,NOT_EMPIRICALLY_VALIDATED,CONTINUE_MONITORING,22.5,0.0
2026-10-02 19:45:00,TANK_PRIMARY_01,Kitchen,1000.0,1000.0,100.0,5.47,26.3,DIGITAL_TWIN,0.253,MODERATE_DETERIORATION,NORMAL,MONITOR,,NOT_EMPIRICALLY_VALIDATED,PRIORITIZE_USE,0.0,0.0
2026-10-02 19:50:00,TANK_PRIMARY_01,Kitchen,1000.0,1000.0,100.0,5.55,21.3,DIGITAL_TWIN,0.198,LOW_DETERIORATION,NORMAL,FRESH,,NOT_EMPIRICALLY_VALIDATED,CONTINUE_MONITORING,0.0,0.0
2026-10-02 19:55:00,TANK_PRIMARY_01,Kitchen,1000.0,1000.0,100.0,5.64,28.6,DIGITAL_TWIN,0.284,MODERATE_DETERIORATION,NORMAL,MONITOR,,NOT_EMPIRICALLY_VALIDATED,PRIORITIZE_USE,0.0,0.0
2026-10-02 20:00:00,TANK_PRIMARY_01,Kitchen,1000.0,1000.0,100.0,5.72,29.8,DIGITAL_TWIN,0.3,MODERATE_DETERIORATION,NORMAL,MONITOR,,NOT_EMPIRICALLY_VALIDATED,PRIORITIZE_USE,0.0,0.0
2026-10-02 20:05:00,TANK_PRIMARY_01,Bathroom,1000.0,1000.0,100.0,5.3,28.6,DIGITAL_TWIN,0.275,MODERATE_DETERIORATION,NORMAL,MONITOR,,NOT_EMPIRICALLY_VALIDATED,PRIORITIZE_USE,45.0,45.0
2026-10-02 20:10:00,TANK_PRIMARY_01,Bathroom,1000.0,1000.0,100.0,5.39,28.4,DIGITAL_TWIN,0.275,MODERATE_DETERIORATION,NORMAL,MONITOR,,NOT_EMPIRICALLY_VALIDATED,PRIORITIZE_USE,0.0,0.0
2026-10-02 20:15:00,TANK_PRIMARY_01,Bathroom,1000.0,1000.0,100.0,5.47,27.6,DIGITAL_TWIN,0.268,MODERATE_DETERIORATION,NORMAL,MONITOR,,NOT_EMPIRICALLY_VALIDATED,SAFETY_REVIEW,0.0,0.0
2026-10-02 20:20:00,TANK_PRIMARY_01,Bathroom,1000.0,1000.0,100.0,5.55,24.1,DIGITAL_TWIN,0.23,LOW_DETERIORATION,NORMAL,FRESH,,NOT_EMPIRICALLY_VALIDATED,SAFETY_REVIEW,0.0,0.0
2026-10-02 20:25:00,TANK_PRIMARY_01,Bathroom,1000.0,1000.0,100.0,5.64,24.5,DIGITAL_TWIN,0.236,LOW_DETERIORATION,NORMAL,FRESH,,NOT_EMPIRICALLY_VALIDATED,SAFETY_REVIEW,0.0,0.0
2026-10-02 20:30:00,TANK_PRIMARY_01,Bathroom,1000.0,1000.0,100.0,5.72,30.3,DIGITAL_TWIN,0.306,MODERATE_DETERIORATION,NORMAL,MONITOR,,NOT_EMPIRICALLY_VALIDATED,SAFETY_REVIEW,0.0,0.0
2026-10-02 20:35:00,TANK_PRIMARY_01,Bathroom,1000.0,1000.0,100.0,5.3,26.4,DIGITAL_TWIN,0.25,LOW_DETERIORATION,NORMAL,MONITOR,,NOT_EMPIRICALLY_VALIDATED,SAFETY_REVIEW,45.0,45.0
2026-10-02 20:40:00,TANK_PRIMARY_01,Bathroom,1000.0,1000.0,100.0,5.39,21.9,DIGITAL_TWIN,0.201,LOW_DETERIORATION,NORMAL,FRESH,,NOT_EMPIRICALLY_VALIDATED,SAFETY_REVIEW,0.0,0.0
2026-10-02 20:45:00,TANK_PRIMARY_01,Bathroom,1000.0,1000.0,100.0,5.47,24.9,DIGITAL_TWIN,0.237,LOW_DETERIORATION,NORMAL,FRESH,,NOT_EMPIRICALLY_VALIDATED,SAFETY_REVIEW,0.0,0.0
2026-10-02 20:50:00,TANK_PRIMARY_01,Bathroom,1000.0,1000.0,100.0,5.55,27.8,DIGITAL_TWIN,0.273,MODERATE_DETERIORATION,NORMAL,MONITOR,,NOT_EMPIRICALLY_VALIDATED,SAFETY_REVIEW,0.0,0.0
2026-10-02 20:55:00,TANK_PRIMARY_01,Bathroom,1000.0,1000.0,100.0,5.64,24.8,DIGITAL_TWIN,0.24,LOW_DETERIORATION,NORMAL,FRESH,,NOT_EMPIRICALLY_VALIDATED,SAFETY_REVIEW,0.0,0.0
2026-10-02 21:00:00,TANK_PRIMARY_01,Bathroom,1000.0,1000.0,100.0,5.72,25.8,DIGITAL_TWIN,0.253,MODERATE_DETERIORATION,NORMAL,MONITOR,,NOT_EMPIRICALLY_VALIDATED,SAFETY_REVIEW,0.0,0.0
2026-10-02 21:05:00,TANK_PRIMARY_01,Bathroom,1000.0,1000.0,100.0,5.3,34.1,DIGITAL_TWIN,0.34,MODERATE_DETERIORATION,NORMAL,MONITOR,,NOT_EMPIRICALLY_VALIDATED,SAFETY_REVIEW,45.0,45.0
2026-10-02 21:10:00,TANK_PRIMARY_01,Bathroom,1000.0,1000.0,100.0,5.39,39.4,DIGITAL_TWIN,0.406,MODERATE_DETERIORATION,NORMAL,MONITOR,,NOT_EMPIRICALLY_VALIDATED,SAFETY_REVIEW,0.0,0.0
2026-10-02 21:15:00,TANK_PRIMARY_01,Bathroom,1000.0,1000.0,100.0,5.47,24.2,DIGITAL_TWIN,0.228,LOW_DETERIORATION,NORMAL,FRESH,,NOT_EMPIRICALLY_VALIDATED,SAFETY_REVIEW,0.0,0.0
2026-10-02 21:20:00,TANK_PRIMARY_01,Bathroom,1000.0,1000.0,100.0,5.55,32.1,DIGITAL_TWIN,0.323,MODERATE_DETERIORATION,NORMAL,MONITOR,,NOT_EMPIRICALLY_VALIDATED,SAFETY_REVIEW,0.0,0.0
2026-10-02 21:25:00,TANK_PRIMARY_01,Bathroom,1000.0,1000.0,100.0,5.64,27.3,DIGITAL_TWIN,0.269,MODERATE_DETERIORATION,NORMAL,MONITOR,,NOT_EMPIRICALLY_VALIDATED,SAFETY_REVIEW,0.0,0.0
2026-10-02 21:30:00,TANK_PRIMARY_01,Bathroom,1000.0,1000.0,100.0,5.72,26.1,DIGITAL_TWIN,0.257,MODERATE_DETERIORATION,NORMAL,MONITOR,,NOT_EMPIRICALLY_VALIDATED,PRIORITIZE_USE,0.0,0.0
2026-10-02 21:35:00,TANK_PRIMARY_01,Bathroom,1000.0,1000.0,100.0,5.3,28.4,DIGITAL_TWIN,0.273,MODERATE_DETERIORATION,NORMAL,MONITOR,,NOT_EMPIRICALLY_VALIDATED,PRIORITIZE_USE,45.0,45.0
2026-10-02 21:40:00,TANK_PRIMARY_01,Bathroom,1000.0,1000.0,100.0,5.39,27.6,DIGITAL_TWIN,0.265,MODERATE_DETERIORATION,NORMAL,MONITOR,,NOT_EMPIRICALLY_VALIDATED,PRIORITIZE_USE,0.0,0.0
2026-10-02 21:45:00,TANK_PRIMARY_01,Bathroom,1000.0,1000.0,100.0,5.47,31.1,DIGITAL_TWIN,0.309,MODERATE_DETERIORATION,NORMAL,MONITOR,,NOT_EMPIRICALLY_VALIDATED,PRIORITIZE_USE,0.0,0.0
2026-10-02 21:50:00,TANK_PRIMARY_01,Bathroom,1000.0,1000.0,100.0,5.55,21.5,DIGITAL_TWIN,0.201,LOW_DETERIORATION,NORMAL,FRESH,,NOT_EMPIRICALLY_VALIDATED,CONTINUE_MONITORING,0.0,0.0
2026-10-02 21:55:00,TANK_PRIMARY_01,Bathroom,1000.0,1000.0,100.0,5.64,21.0,DIGITAL_TWIN,0.197,LOW_DETERIORATION,NORMAL,FRESH,,NOT_EMPIRICALLY_VALIDATED,CONTINUE_MONITORING,0.0,0.0
2026-10-02 22:00:00,TANK_PRIMARY_01,Bathroom,1000.0,1000.0,100.0,5.72,26.8,DIGITAL_TWIN,0.265,MODERATE_DETERIORATION,NORMAL,MONITOR,,NOT_EMPIRICALLY_VALIDATED,PRIORITIZE_USE,0.0,0.0
2026-10-02 22:05:00,TANK_PRIMARY_01,Bathroom,1000.0,1000.0,100.0,5.3,30.3,DIGITAL_TWIN,0.295,MODERATE_DETERIORATION,NORMAL,MONITOR,,NOT_EMPIRICALLY_VALIDATED,PRIORITIZE_USE,45.0,45.0
2026-10-02 22:10:00,TANK_PRIMARY_01,Bathroom,1000.0,1000.0,100.0,5.39,33.6,DIGITAL_TWIN,0.336,MODERATE_DETERIORATION,NORMAL,MONITOR,,NOT_EMPIRICALLY_VALIDATED,PRIORITIZE_USE,0.0,0.0
2026-10-02 22:15:00,TANK_PRIMARY_01,Bathroom,1000.0,1000.0,100.0,5.47,30.2,DIGITAL_TWIN,0.299,MODERATE_DETERIORATION,NORMAL,MONITOR,,NOT_EMPIRICALLY_VALIDATED,PRIORITIZE_USE,0.0,0.0
2026-10-02 22:20:00,TANK_PRIMARY_01,Bathroom,1000.0,1000.0,100.0,5.55,29.2,DIGITAL_TWIN,0.289,MODERATE_DETERIORATION,NORMAL,MONITOR,,NOT_EMPIRICALLY_VALIDATED,PRIORITIZE_USE,0.0,0.0
2026-10-02 22:25:00,TANK_PRIMARY_01,Bathroom,1000.0,1000.0,100.0,5.64,30.6,DIGITAL_TWIN,0.308,MODERATE_DETERIORATION,NORMAL,MONITOR,,NOT_EMPIRICALLY_VALIDATED,PRIORITIZE_USE,0.0,0.0
2026-10-02 22:30:00,TANK_PRIMARY_01,Bathroom,1000.0,1000.0,100.0,5.72,30.4,DIGITAL_TWIN,0.307,MODERATE_DETERIORATION,NORMAL,MONITOR,,NOT_EMPIRICALLY_VALIDATED,PRIORITIZE_USE,0.0,0.0
2026-10-02 22:35:00,TANK_PRIMARY_01,Bathroom,1000.0,1000.0,100.0,5.3,23.7,DIGITAL_TWIN,0.218,LOW_DETERIORATION,NORMAL,FRESH,,NOT_EMPIRICALLY_VALIDATED,CONTINUE_MONITORING,45.0,45.0
2026-10-02 22:40:00,TANK_PRIMARY_01,Bathroom,1000.0,1000.0,100.0,5.39,24.1,DIGITAL_TWIN,0.226,LOW_DETERIORATION,NORMAL,FRESH,,NOT_EMPIRICALLY_VALIDATED,CONTINUE_MONITORING,0.0,0.0
2026-10-02 22:45:00,TANK_PRIMARY_01,Bathroom,1000.0,1000.0,100.0,5.47,21.4,DIGITAL_TWIN,0.198,LOW_DETERIORATION,NORMAL,FRESH,,NOT_EMPIRICALLY_VALIDATED,CONTINUE_MONITORING,0.0,0.0
2026-10-02 22:50:00,TANK_PRIMARY_01,Bathroom,1000.0,1000.0,100.0,5.55,24.4,DIGITAL_TWIN,0.234,LOW_DETERIORATION,NORMAL,FRESH,,NOT_EMPIRICALLY_VALIDATED,CONTINUE_MONITORING,0.0,0.0
2026-10-02 22:55:00,TANK_PRIMARY_01,Bathroom,1000.0,1000.0,100.0,5.64,29.6,DIGITAL_TWIN,0.295,MODERATE_DETERIORATION,NORMAL,MONITOR,,NOT_EMPIRICALLY_VALIDATED,PRIORITIZE_USE,0.0,0.0
2026-10-02 23:00:00,TANK_PRIMARY_01,Bathroom,1000.0,1000.0,100.0,5.72,26.2,DIGITAL_TWIN,0.259,MODERATE_DETERIORATION,NORMAL,MONITOR,,NOT_EMPIRICALLY_VALIDATED,PRIORITIZE_USE,0.0,0.0
2026-10-02 23:05:00,TANK_PRIMARY_01,Mixed,1000.0,1000.0,100.0,5.3,27.3,DIGITAL_TWIN,0.26,MODERATE_DETERIORATION,NORMAL,MONITOR,,NOT_EMPIRICALLY_VALIDATED,PRIORITIZE_USE,45.0,45.0
2026-10-02 23:10:00,TANK_PRIMARY_01,Mixed,1000.0,1000.0,100.0,5.39,24.0,DIGITAL_TWIN,0.224,LOW_DETERIORATION,NORMAL,FRESH,,NOT_EMPIRICALLY_VALIDATED,CONTINUE_MONITORING,0.0,0.0
2026-10-02 23:15:00,TANK_PRIMARY_01,Mixed,1000.0,1000.0,100.0,5.47,25.1,DIGITAL_TWIN,0.239,LOW_DETERIORATION,NORMAL,FRESH,,NOT_EMPIRICALLY_VALIDATED,CONTINUE_MONITORING,0.0,0.0
2026-10-02 23:20:00,TANK_PRIMARY_01,Mixed,1000.0,1000.0,100.0,5.55,22.6,DIGITAL_TWIN,0.213,LOW_DETERIORATION,NORMAL,FRESH,,NOT_EMPIRICALLY_VALIDATED,CONTINUE_MONITORING,0.0,0.0
2026-10-02 23:25:00,TANK_PRIMARY_01,Mixed,1000.0,1000.0,100.0,5.64,25.7,DIGITAL_TWIN,0.25,LOW_DETERIORATION,NORMAL,MONITOR,,NOT_EMPIRICALLY_VALIDATED,PRIORITIZE_USE,0.0,0.0
2026-10-02 23:30:00,TANK_PRIMARY_01,Mixed,1000.0,1000.0,100.0,5.72,32.1,DIGITAL_TWIN,0.328,MODERATE_DETERIORATION,NORMAL,MONITOR,,NOT_EMPIRICALLY_VALIDATED,PRIORITIZE_USE,0.0,0.0
2026-10-02 23:35:00,TANK_PRIMARY_01,Mixed,1000.0,1000.0,100.0,5.3,28.2,DIGITAL_TWIN,0.271,MODERATE_DETERIORATION,NORMAL,MONITOR,,NOT_EMPIRICALLY_VALIDATED,PRIORITIZE_USE,45.0,45.0
2026-10-02 23:40:00,TANK_PRIMARY_01,Mixed,1000.0,1000.0,100.0,5.39,36.1,DIGITAL_TWIN,0.366,MODERATE_DETERIORATION,NORMAL,MONITOR,,NOT_EMPIRICALLY_VALIDATED,PRIORITIZE_USE,0.0,0.0
2026-10-02 23:45:00,TANK_PRIMARY_01,Mixed,1000.0,1000.0,100.0,5.47,22.3,DIGITAL_TWIN,0.207,LOW_DETERIORATION,NORMAL,FRESH,,NOT_EMPIRICALLY_VALIDATED,CONTINUE_MONITORING,0.0,0.0
2026-10-02 23:50:00,TANK_PRIMARY_01,Mixed,1000.0,1000.0,100.0,5.55,21.6,DIGITAL_TWIN,0.201,LOW_DETERIORATION,NORMAL,FRESH,,NOT_EMPIRICALLY_VALIDATED,CONTINUE_MONITORING,0.0,0.0
2026-10-02 23:55:00,TANK_PRIMARY_01,Mixed,1000.0,1000.0,100.0,5.64,26.4,DIGITAL_TWIN,0.258,MODERATE_DETERIORATION,NORMAL,MONITOR,,NOT_EMPIRICALLY_VALIDATED,PRIORITIZE_USE,0.0,0.0
2026-10-03 00:00:00,TANK_PRIMARY_01,Mixed,1000.0,1000.0,100.0,5.72,22.7,DIGITAL_TWIN,0.218,LOW_DETERIORATION,NORMAL,FRESH,,NOT_EMPIRICALLY_VALIDATED,CONTINUE_MONITORING,0.0,0.0
2026-10-03 00:05:00,TANK_PRIMARY_01,Mixed,1000.0,1000.0,100.0,5.3,25.0,DIGITAL_TWIN,0.234,LOW_DETERIORATION,NORMAL,FRESH,,NOT_EMPIRICALLY_VALIDATED,CONTINUE_MONITORING,45.0,45.0
2026-10-03 00:10:00,TANK_PRIMARY_01,Mixed,1000.0,1000.0,100.0,5.39,17.4,DIGITAL_TWIN,0.151,LOW_DETERIORATION,NORMAL,FRESH,,NOT_EMPIRICALLY_VALIDATED,CONTINUE_MONITORING,0.0,0.0
2026-10-03 00:15:00,TANK_PRIMARY_01,Mixed,1000.0,1000.0,100.0,5.47,27.2,DIGITAL_TWIN,0.264,MODERATE_DETERIORATION,NORMAL,MONITOR,,NOT_EMPIRICALLY_VALIDATED,PRIORITIZE_USE,0.0,0.0
2026-10-03 00:20:00,TANK_PRIMARY_01,Mixed,1000.0,1000.0,100.0,5.55,35.7,DIGITAL_TWIN,0.366,MODERATE_DETERIORATION,NORMAL,MONITOR,,NOT_EMPIRICALLY_VALIDATED,PRIORITIZE_USE,0.0,0.0
2026-10-03 00:25:00,TANK_PRIMARY_01,Mixed,1000.0,1000.0,100.0,5.64,23.9,DIGITAL_TWIN,0.229,LOW_DETERIORATION,NORMAL,FRESH,,NOT_EMPIRICALLY_VALIDATED,CONTINUE_MONITORING,0.0,0.0
2026-10-03 00:30:00,TANK_PRIMARY_01,Mixed,1000.0,1000.0,100.0,5.72,32.0,DIGITAL_TWIN,0.327,MODERATE_DETERIORATION,NORMAL,MONITOR,,NOT_EMPIRICALLY_VALIDATED,PRIORITIZE_USE,0.0,0.0
2026-10-03 00:35:00,TANK_PRIMARY_01,Mixed,1000.0,1000.0,100.0,5.3,24.4,DIGITAL_TWIN,0.227,LOW_DETERIORATION,NORMAL,FRESH,,NOT_EMPIRICALLY_VALIDATED,CONTINUE_MONITORING,45.0,45.0
2026-10-03 00:40:00,TANK_PRIMARY_01,Mixed,1000.0,1000.0,100.0,5.39,25.5,DIGITAL_TWIN,0.242,LOW_DETERIORATION,NORMAL,FRESH,,NOT_EMPIRICALLY_VALIDATED,CONTINUE_MONITORING,0.0,0.0
2026-10-03 00:45:00,TANK_PRIMARY_01,Mixed,1000.0,1000.0,100.0,5.47,33.0,DIGITAL_TWIN,0.331,MODERATE_DETERIORATION,NORMAL,MONITOR,,NOT_EMPIRICALLY_VALIDATED,PRIORITIZE_USE,0.0,0.0
2026-10-03 00:50:00,TANK_PRIMARY_01,Mixed,1000.0,1000.0,100.0,5.55,31.4,DIGITAL_TWIN,0.314,MODERATE_DETERIORATION,NORMAL,MONITOR,,NOT_EMPIRICALLY_VALIDATED,PRIORITIZE_USE,0.0,0.0
2026-10-03 00:55:00,TANK_PRIMARY_01,Mixed,1000.0,1000.0,100.0,5.64,25.7,DIGITAL_TWIN,0.251,MODERATE_DETERIORATION,NORMAL,MONITOR,,NOT_EMPIRICALLY_VALIDATED,PRIORITIZE_USE,0.0,0.0
2026-10-03 01:00:00,TANK_PRIMARY_01,Mixed,1000.0,1000.0,100.0,5.72,27.8,DIGITAL_TWIN,0.277,MODERATE_DETERIORATION,NORMAL,MONITOR,,NOT_EMPIRICALLY_VALIDATED,PRIORITIZE_USE,0.0,0.0
2026-10-03 01:05:00,TANK_PRIMARY_01,Mixed,1000.0,1000.0,100.0,5.3,23.6,DIGITAL_TWIN,0.218,LOW_DETERIORATION,NORMAL,FRESH,,NOT_EMPIRICALLY_VALIDATED,CONTINUE_MONITORING,45.0,45.0
2026-10-03 01:10:00,TANK_PRIMARY_01,Mixed,1000.0,1000.0,100.0,5.39,23.8,DIGITAL_TWIN,0.222,LOW_DETERIORATION,NORMAL,FRESH,,NOT_EMPIRICALLY_VALIDATED,CONTINUE_MONITORING,0.0,0.0
2026-10-03 01:15:00,TANK_PRIMARY_01,Mixed,1000.0,1000.0,100.0,5.47,23.5,DIGITAL_TWIN,0.22,LOW_DETERIORATION,NORMAL,FRESH,,NOT_EMPIRICALLY_VALIDATED,CONTINUE_MONITORING,0.0,0.0
2026-10-03 01:20:00,TANK_PRIMARY_01,Mixed,1000.0,1000.0,100.0,5.55,25.2,DIGITAL_TWIN,0.243,LOW_DETERIORATION,NORMAL,FRESH,,NOT_EMPIRICALLY_VALIDATED,CONTINUE_MONITORING,0.0,0.0
2026-10-03 01:25:00,TANK_PRIMARY_01,Mixed,1000.0,1000.0,100.0,5.64,26.9,DIGITAL_TWIN,0.265,MODERATE_DETERIORATION,NORMAL,MONITOR,,NOT_EMPIRICALLY_VALIDATED,PRIORITIZE_USE,0.0,0.0
2026-10-03 01:30:00,TANK_PRIMARY_01,Mixed,1000.0,1000.0,100.0,5.72,26.8,DIGITAL_TWIN,0.266,MODERATE_DETERIORATION,NORMAL,MONITOR,,NOT_EMPIRICALLY_VALIDATED,PRIORITIZE_USE,0.0,0.0
2026-10-03 01:35:00,TANK_PRIMARY_01,Mixed,1000.0,1000.0,100.0,5.3,26.2,DIGITAL_TWIN,0.247,LOW_DETERIORATION,NORMAL,FRESH,,NOT_EMPIRICALLY_VALIDATED,CONTINUE_MONITORING,45.0,45.0
2026-10-03 01:40:00,TANK_PRIMARY_01,Mixed,1000.0,1000.0,100.0,5.39,26.0,DIGITAL_TWIN,0.247,LOW_DETERIORATION,NORMAL,FRESH,,NOT_EMPIRICALLY_VALIDATED,CONTINUE_MONITORING,0.0,0.0
2026-10-03 01:45:00,TANK_PRIMARY_01,Mixed,1000.0,1000.0,100.0,5.47,30.7,DIGITAL_TWIN,0.305,MODERATE_DETERIORATION,NORMAL,MONITOR,,NOT_EMPIRICALLY_VALIDATED,PRIORITIZE_USE,0.0,0.0
2026-10-03 01:50:00,TANK_PRIMARY_01,Mixed,1000.0,1000.0,100.0,5.55,30.1,DIGITAL_TWIN,0.3,MODERATE_DETERIORATION,NORMAL,MONITOR,,NOT_EMPIRICALLY_VALIDATED,PRIORITIZE_USE,0.0,0.0
2026-10-03 01:55:00,TANK_PRIMARY_01,Mixed,1000.0,1000.0,100.0,5.64,25.1,DIGITAL_TWIN,0.243,LOW_DETERIORATION,NORMAL,FRESH,,NOT_EMPIRICALLY_VALIDATED,CONTINUE_MONITORING,0.0,0.0
2026-10-03 02:00:00,TANK_PRIMARY_01,Mixed,1000.0,1000.0,100.0,5.72,33.1,DIGITAL_TWIN,0.339,MODERATE_DETERIORATION,NORMAL,MONITOR,,NOT_EMPIRICALLY_VALIDATED,PRIORITIZE_USE,0.0,0.0
2026-10-03 02:05:00,TANK_PRIMARY_01,Mixed,1000.0,1000.0,100.0,5.3,28.5,DIGITAL_TWIN,0.274,MODERATE_DETERIORATION,NORMAL,MONITOR,,NOT_EMPIRICALLY_VALIDATED,PRIORITIZE_USE,45.0,45.0
2026-10-03 02:10:00,TANK_PRIMARY_01,Mixed,1000.0,1000.0,100.0,5.39,31.2,DIGITAL_TWIN,0.308,MODERATE_DETERIORATION,NORMAL,MONITOR,,NOT_EMPIRICALLY_VALIDATED,PRIORITIZE_USE,0.0,0.0
2026-10-03 02:15:00,TANK_PRIMARY_01,Mixed,1000.0,1000.0,100.0,5.47,26.5,DIGITAL_TWIN,0.256,MODERATE_DETERIORATION,NORMAL,MONITOR,,NOT_EMPIRICALLY_VALIDATED,PRIORITIZE_USE,0.0,0.0
2026-10-03 02:20:00,TANK_PRIMARY_01,Mixed,1000.0,1000.0,100.0,5.55,27.0,DIGITAL_TWIN,0.263,MODERATE_DETERIORATION,NORMAL,MONITOR,,NOT_EMPIRICALLY_VALIDATED,PRIORITIZE_USE,0.0,0.0
2026-10-03 02:25:00,TANK_PRIMARY_01,Mixed,1000.0,1000.0,100.0,5.64,24.4,DIGITAL_TWIN,0.235,LOW_DETERIORATION,NORMAL,FRESH,,NOT_EMPIRICALLY_VALIDATED,CONTINUE_MONITORING,0.0,0.0
2026-10-03 02:30:00,TANK_PRIMARY_01,Mixed,1000.0,1000.0,100.0,5.72,22.6,DIGITAL_TWIN,0.217,LOW_DETERIORATION,NORMAL,FRESH,,NOT_EMPIRICALLY_VALIDATED,CONTINUE_MONITORING,0.0,0.0
2026-10-03 02:35:00,TANK_PRIMARY_01,Mixed,1000.0,1000.0,100.0,5.3,29.9,DIGITAL_TWIN,0.291,MODERATE_DETERIORATION,NORMAL,MONITOR,,NOT_EMPIRICALLY_VALIDATED,PRIORITIZE_USE,45.0,45.0
2026-10-03 02:40:00,TANK_PRIMARY_01,Mixed,1000.0,1000.0,100.0,5.39,22.9,DIGITAL_TWIN,0.212,LOW_DETERIORATION,NORMAL,FRESH,,NOT_EMPIRICALLY_VALIDATED,CONTINUE_MONITORING,0.0,0.0
2026-10-03 02:45:00,TANK_PRIMARY_01,Mixed,1000.0,1000.0,100.0,5.47,27.8,DIGITAL_TWIN,0.27,MODERATE_DETERIORATION,NORMAL,MONITOR,,NOT_EMPIRICALLY_VALIDATED,PRIORITIZE_USE,0.0,0.0
2026-10-03 02:50:00,TANK_PRIMARY_01,Mixed,1000.0,1000.0,100.0,5.55,26.0,DIGITAL_TWIN,0.252,MODERATE_DETERIORATION,NORMAL,MONITOR,,NOT_EMPIRICALLY_VALIDATED,PRIORITIZE_USE,0.0,0.0
2026-10-03 02:55:00,TANK_PRIMARY_01,Mixed,1000.0,1000.0,100.0,5.64,31.0,DIGITAL_TWIN,0.312,MODERATE_DETERIORATION,NORMAL,MONITOR,,NOT_EMPIRICALLY_VALIDATED,SAFETY_REVIEW,0.0,0.0
2026-10-03 03:00:00,TANK_PRIMARY_01,Mixed,1000.0,1000.0,100.0,5.72,29.1,DIGITAL_TWIN,0.292,MODERATE_DETERIORATION,NORMAL,MONITOR,,NOT_EMPIRICALLY_VALIDATED,SAFETY_REVIEW,0.0,0.0
2026-10-03 03:05:00,TANK_PRIMARY_01,Mixed,1000.0,1000.0,100.0,5.3,30.3,DIGITAL_TWIN,0.294,MODERATE_DETERIORATION,NORMAL,MONITOR,,NOT_EMPIRICALLY_VALIDATED,SAFETY_REVIEW,45.0,45.0
2026-10-03 03:10:00,TANK_PRIMARY_01,Mixed,1000.0,1000.0,100.0,5.39,29.9,DIGITAL_TWIN,0.293,MODERATE_DETERIORATION,NORMAL,MONITOR,,NOT_EMPIRICALLY_VALIDATED,SAFETY_REVIEW,0.0,0.0
2026-10-03 03:15:00,TANK_PRIMARY_01,Mixed,1000.0,1000.0,100.0,5.47,24.0,DIGITAL_TWIN,0.227,LOW_DETERIORATION,NORMAL,FRESH,,NOT_EMPIRICALLY_VALIDATED,SAFETY_REVIEW,0.0,0.0
2026-10-03 03:20:00,TANK_PRIMARY_01,Mixed,1000.0,1000.0,100.0,5.55,28.8,DIGITAL_TWIN,0.284,MODERATE_DETERIORATION,NORMAL,MONITOR,,NOT_EMPIRICALLY_VALIDATED,SAFETY_REVIEW,0.0,0.0
2026-10-03 03:25:00,TANK_PRIMARY_01,Mixed,1000.0,1000.0,100.0,5.64,31.0,DIGITAL_TWIN,0.313,MODERATE_DETERIORATION,NORMAL,MONITOR,,NOT_EMPIRICALLY_VALIDATED,SAFETY_REVIEW,0.0,0.0
2026-10-03 03:30:00,TANK_PRIMARY_01,Mixed,1000.0,1000.0,100.0,5.72,25.1,DIGITAL_TWIN,0.246,LOW_DETERIORATION,NORMAL,FRESH,,NOT_EMPIRICALLY_VALIDATED,SAFETY_REVIEW,0.0,0.0
2026-10-03 03:35:00,TANK_PRIMARY_01,Mixed,1000.0,1000.0,100.0,5.3,27.1,DIGITAL_TWIN,0.257,MODERATE_DETERIORATION,NORMAL,MONITOR,,NOT_EMPIRICALLY_VALIDATED,SAFETY_REVIEW,45.0,45.0
2026-10-03 03:40:00,TANK_PRIMARY_01,Mixed,1000.0,1000.0,100.0,5.39,30.8,DIGITAL_TWIN,0.303,MODERATE_DETERIORATION,NORMAL,MONITOR,,NOT_EMPIRICALLY_VALIDATED,SAFETY_REVIEW,0.0,0.0
2026-10-03 03:45:00,TANK_PRIMARY_01,Mixed,1000.0,1000.0,100.0,5.47,28.5,DIGITAL_TWIN,0.278,MODERATE_DETERIORATION,NORMAL,MONITOR,,NOT_EMPIRICALLY_VALIDATED,SAFETY_REVIEW,0.0,0.0
2026-10-03 03:50:00,TANK_PRIMARY_01,Mixed,1000.0,1000.0,100.0,5.55,31.7,DIGITAL_TWIN,0.319,MODERATE_DETERIORATION,NORMAL,MONITOR,,NOT_EMPIRICALLY_VALIDATED,SAFETY_REVIEW,0.0,0.0
2026-10-03 03:55:00,TANK_PRIMARY_01,Mixed,1000.0,1000.0,100.0,5.64,28.6,DIGITAL_TWIN,0.284,MODERATE_DETERIORATION,NORMAL,MONITOR,,NOT_EMPIRICALLY_VALIDATED,SAFETY_REVIEW,0.0,0.0
2026-10-03 04:00:00,TANK_PRIMARY_01,Mixed,1000.0,1000.0,100.0,5.72,21.7,DIGITAL_TWIN,0.206,LOW_DETERIORATION,NORMAL,FRESH,,NOT_EMPIRICALLY_VALIDATED,SAFETY_REVIEW,0.0,0.0
2026-10-03 04:05:00,TANK_PRIMARY_01,Mixed,1000.0,1000.0,100.0,5.3,26.5,DIGITAL_TWIN,0.25,LOW_DETERIORATION,NORMAL,MONITOR,,NOT_EMPIRICALLY_VALIDATED,SAFETY_REVIEW,45.0,45.0
2026-10-03 04:10:00,TANK_PRIMARY_01,Mixed,1000.0,1000.0,100.0,5.39,30.1,DIGITAL_TWIN,0.294,MODERATE_DETERIORATION,NORMAL,MONITOR,,NOT_EMPIRICALLY_VALIDATED,PRIORITIZE_USE,0.0,0.0
2026-10-03 04:15:00,TANK_PRIMARY_01,Mixed,1000.0,1000.0,100.0,5.47,32.2,DIGITAL_TWIN,0.321,MODERATE_DETERIORATION,NORMAL,MONITOR,,NOT_EMPIRICALLY_VALIDATED,PRIORITIZE_USE,0.0,0.0
2026-10-03 04:20:00,TANK_PRIMARY_01,Mixed,1000.0,1000.0,100.0,5.55,28.0,DIGITAL_TWIN,0.275,MODERATE_DETERIORATION,NORMAL,MONITOR,,NOT_EMPIRICALLY_VALIDATED,PRIORITIZE_USE,0.0,0.0
2026-10-03 04:25:00,TANK_PRIMARY_01,Mixed,1000.0,1000.0,100.0,5.64,21.6,DIGITAL_TWIN,0.203,LOW_DETERIORATION,NORMAL,FRESH,,NOT_EMPIRICALLY_VALIDATED,CONTINUE_MONITORING,0.0,0.0
2026-10-03 04:30:00,TANK_PRIMARY_01,Mixed,1000.0,1000.0,100.0,5.72,27.8,DIGITAL_TWIN,0.277,MODERATE_DETERIORATION,NORMAL,MONITOR,,NOT_EMPIRICALLY_VALIDATED,PRIORITIZE_USE,0.0,0.0
2026-10-03 04:35:00,TANK_PRIMARY_01,Mixed,1000.0,1000.0,100.0,5.3,23.2,DIGITAL_TWIN,0.213,LOW_DETERIORATION,NORMAL,FRESH,,NOT_EMPIRICALLY_VALIDATED,CONTINUE_MONITORING,45.0,45.0
2026-10-03 04:40:00,TANK_PRIMARY_01,Mixed,1000.0,1000.0,100.0,5.39,26.9,DIGITAL_TWIN,0.258,MODERATE_DETERIORATION,NORMAL,MONITOR,,NOT_EMPIRICALLY_VALIDATED,PRIORITIZE_USE,0.0,0.0
2026-10-03 04:45:00,TANK_PRIMARY_01,Mixed,1000.0,1000.0,100.0,5.47,22.4,DIGITAL_TWIN,0.208,LOW_DETERIORATION,NORMAL,FRESH,,NOT_EMPIRICALLY_VALIDATED,CONTINUE_MONITORING,0.0,0.0
2026-10-03 04:50:00,TANK_PRIMARY_01,Mixed,1000.0,1000.0,100.0,5.55,29.6,DIGITAL_TWIN,0.294,MODERATE_DETERIORATION,NORMAL,MONITOR,,NOT_EMPIRICALLY_VALIDATED,PRIORITIZE_USE,0.0,0.0
2026-10-03 04:55:00,TANK_PRIMARY_01,Mixed,1000.0,1000.0,100.0,5.64,29.1,DIGITAL_TWIN,0.289,MODERATE_DETERIORATION,NORMAL,MONITOR,,NOT_EMPIRICALLY_VALIDATED,PRIORITIZE_USE,0.0,0.0
2026-10-03 05:00:00,TANK_PRIMARY_01,Mixed,1000.0,1000.0,100.0,5.72,21.1,DIGITAL_TWIN,0.2,LOW_DETERIORATION,NORMAL,FRESH,,NOT_EMPIRICALLY_VALIDATED,CONTINUE_MONITORING,0.0,0.0
2026-10-03 05:05:00,TANK_PRIMARY_01,Mixed,1000.0,1000.0,100.0,5.3,27.1,DIGITAL_TWIN,0.257,MODERATE_DETERIORATION,NORMAL,MONITOR,,NOT_EMPIRICALLY_VALIDATED,PRIORITIZE_USE,45.0,45.0
2026-10-03 05:10:00,TANK_PRIMARY_01,Mixed,1000.0,1000.0,100.0,5.39,27.9,DIGITAL_TWIN,0.269,MODERATE_DETERIORATION,NORMAL,MONITOR,,NOT_EMPIRICALLY_VALIDATED,PRIORITIZE_USE,0.0,0.0
2026-10-03 05:15:00,TANK_PRIMARY_01,Mixed,1000.0,1000.0,100.0,5.47,28.5,DIGITAL_TWIN,0.279,MODERATE_DETERIORATION,NORMAL,MONITOR,,NOT_EMPIRICALLY_VALIDATED,PRIORITIZE_USE,0.0,0.0
2026-10-03 05:20:00,TANK_PRIMARY_01,Mixed,1000.0,1000.0,100.0,5.55,31.5,DIGITAL_TWIN,0.316,MODERATE_DETERIORATION,NORMAL,MONITOR,,NOT_EMPIRICALLY_VALIDATED,PRIORITIZE_USE,0.0,0.0
2026-10-03 05:25:00,TANK_PRIMARY_01,Mixed,1000.0,1000.0,100.0,5.64,23.1,DIGITAL_TWIN,0.22,LOW_DETERIORATION,NORMAL,FRESH,,NOT_EMPIRICALLY_VALIDATED,CONTINUE_MONITORING,0.0,0.0
2026-10-03 05:30:00,TANK_PRIMARY_01,Mixed,1000.0,1000.0,100.0,5.72,30.9,DIGITAL_TWIN,0.313,MODERATE_DETERIORATION,NORMAL,MONITOR,,NOT_EMPIRICALLY_VALIDATED,PRIORITIZE_USE,0.0,0.0
2026-10-03 05:35:00,TANK_PRIMARY_01,Mixed,1000.0,1000.0,100.0,5.3,31.7,DIGITAL_TWIN,0.311,MODERATE_DETERIORATION,NORMAL,MONITOR,,NOT_EMPIRICALLY_VALIDATED,PRIORITIZE_USE,45.0,45.0
2026-10-03 05:40:00,TANK_PRIMARY_01,Mixed,1000.0,1000.0,100.0,5.39,28.4,DIGITAL_TWIN,0.275,MODERATE_DETERIORATION,NORMAL,MONITOR,,NOT_EMPIRICALLY_VALIDATED,PRIORITIZE_USE,0.0,0.0
2026-10-03 05:45:00,TANK_PRIMARY_01,Mixed,1000.0,1000.0,100.0,5.47,27.7,DIGITAL_TWIN,0.269,MODERATE_DETERIORATION,NORMAL,MONITOR,,NOT_EMPIRICALLY_VALIDATED,PRIORITIZE_USE,0.0,0.0
2026-10-03 05:50:00,TANK_PRIMARY_01,Mixed,1000.0,1000.0,100.0,5.55,27.1,DIGITAL_TWIN,0.265,MODERATE_DETERIORATION,NORMAL,MONITOR,,NOT_EMPIRICALLY_VALIDATED,PRIORITIZE_USE,0.0,0.0
2026-10-03 05:55:00,TANK_PRIMARY_01,Mixed,1000.0,1000.0,100.0,5.64,31.5,DIGITAL_TWIN,0.318,MODERATE_DETERIORATION,NORMAL,MONITOR,,NOT_EMPIRICALLY_VALIDATED,PRIORITIZE_USE,0.0,0.0
2026-10-03 06:00:00,TANK_PRIMARY_01,Mixed,1000.0,1000.0,100.0,5.72,30.7,DIGITAL_TWIN,0.311,MODERATE_DETERIORATION,NORMAL,MONITOR,,NOT_EMPIRICALLY_VALIDATED,PRIORITIZE_USE,0.0,0.0
