timestamp,greywater_source,pH,TEMP_C,SAL_ppt,TUR_NTU,DS_mg_L,TDS_mg_L,TSS_mg_L,COND_uS_cm,DO_mg_L,BOD_mg_L,COD_mg_L,NH4F_mg_L,NO3_mg_L,K_mg_L,E_coli_CFU_100mL,flow_rate_L_min,tank_capacity_L,tank_level_L,sensor_status,event_name,is_anomaly,anomaly_score,xgb_predicted_class,xgb_predicted_name,prediction_confidence,safety_status,final_routing_class,final_routing_name,override_applied
2026-10-02 06:05:00,Bathroom,7.09,23.34,0.29,36.08,273.56,237.01,86.66,487.76,3.9,54.22,158.97,10.12,6.45,17.58,141883.8,17.55,1000.0,277.75,OK,normal,False,0.1487,1,Bio-filtration,0.9878,NORMAL,1,Bio-filtration,False
2026-10-02 06:10:00,Bathroom,7.07,29.85,0.27,40.11,313.81,178.97,58.54,465.19,3.63,41.54,174.59,6.47,7.38,8.7,13609.3,18.97,1000.0,312.6,OK,normal,False,0.1389,2,Restricted Irrigation,0.9881,NORMAL,2,Restricted Irrigation,False
2026-10-02 06:15:00,Bathroom,7.18,25.52,0.24,25.56,240.28,263.19,31.66,559.15,3.91,52.56,159.59,10.3,6.8,14.87,11811.8,14.38,1000.0,324.5,OK,normal,False,0.1569,2,Restricted Irrigation,0.9894,NORMAL,2,Restricted Irrigation,False
2026-10-02 06:20:00,Bathroom,6.5,28.86,0.3,26.57,170.83,281.82,48.8,518.73,4.23,82.21,106.62,5.5,6.06,16.96,150908.7,14.87,1000.0,338.85,OK,normal,False,0.1278,1,Bio-filtration,0.9531,NORMAL,1,Bio-filtration,False
2026-10-02 06:25:00,Bathroom,7.17,23.38,0.12,37.29,208.07,247.17,45.59,532.7,4.91,64.12,116.56,6.04,2.91,13.51,35998.5,21.1,1000.0,384.35,OK,normal,False,0.1246,2,Restricted Irrigation,0.9921,NORMAL,2,Restricted Irrigation,False
2026-10-02 06:30:00,Bathroom,7.13,25.07,0.13,24.84,303.61,395.22,64.44,525.11,4.32,71.84,149.2,7.67,7.59,17.45,117424.0,11.22,1000.0,380.45,OK,normal,False,0.1284,1,Bio-filtration,0.9677,NORMAL,1,Bio-filtration,False
2026-10-02 06:35:00,Bathroom,7.07,29.52,0.08,34.41,220.3,202.11,38.13,483.11,4.86,49.97,157.97,7.3,5.07,19.4,49048.3,8.25,1000.0,361.7,OK,normal,False,0.1177,2,Restricted Irrigation,0.9945,NORMAL,2,Restricted Irrigation,False
2026-10-02 06:40:00,Bathroom,7.45,24.05,0.19,12.8,281.06,201.47,49.39,438.41,4.14,20.5,80.1,15.64,3.44,10.83,128423.8,8.75,1000.0,345.45,OK,normal,False,0.0882,1,Bio-filtration,0.9178,NORMAL,1,Bio-filtration,False
2026-10-02 06:45:00,Bathroom,7.14,31.08,0.22,41.05,282.86,274.93,44.13,551.4,4.11,90.55,187.56,10.3,4.42,11.47,29215.6,13.39,1000.0,352.4,OK,normal,False,0.1457,2,Restricted Irrigation,0.9937,NORMAL,2,Restricted Irrigation,False
2026-10-02 06:50:00,Bathroom,7.08,28.35,0.26,17.23,305.13,404.47,27.9,592.52,4.0,45.06,106.13,7.98,8.15,18.48,163399.9,9.18,1000.0,338.3,OK,normal,False,0.1269,1,Bio-filtration,0.9425,NORMAL,1,Bio-filtration,False
2026-10-02 06:55:00,Bathroom,6.52,26.88,0.18,33.0,356.0,324.92,48.89,389.79,4.29,35.83,120.38,9.97,7.83,18.72,5822.0,18.68,1000.0,371.7,OK,normal,False,0.1348,2,Restricted Irrigation,0.9963,NORMAL,2,Restricted Irrigation,False
2026-10-02 07:00:00,Bathroom,7.1,24.04,0.25,38.4,298.53,336.26,44.81,496.15,5.27,51.42,84.45,9.41,6.82,15.4,110612.8,20.86,1000.0,416.0,OK,normal,False,0.1391,1,Bio-filtration,0.979,NORMAL,1,Bio-filtration,False
2026-10-02 07:05:00,Bathroom,7.06,21.87,0.08,35.74,251.22,298.38,73.04,507.64,4.59,54.04,161.47,6.75,5.43,16.96,109794.6,8.56,1000.0,398.8,OK,normal,False,0.1226,1,Bio-filtration,0.9786,NORMAL,1,Bio-filtration,False
2026-10-02 07:10:00,Bathroom,6.7,32.49,0.23,25.24,223.96,175.4,43.96,476.57,4.78,88.73,101.27,10.31,3.61,18.15,25230.4,21.17,1000.0,444.65,OK,normal,False,0.1317,2,Restricted Irrigation,0.9967,NORMAL,2,Restricted Irrigation,False
2026-10-02 07:15:00,Bathroom,7.06,26.51,0.26,60.4,425.83,281.28,67.36,618.27,3.54,62.4,140.26,10.05,4.48,8.36,158.5,13.05,1000.0,449.9,OK,normal,False,0.1353,1,Bio-filtration,0.5626,NORMAL,1,Bio-filtration,False
2026-10-02 07:20:00,Bathroom,7.09,32.1,0.24,37.7,255.95,287.68,48.29,548.4,3.46,44.77,164.87,11.05,5.29,17.41,37104.4,17.88,1000.0,479.3,OK,normal,False,0.1588,2,Restricted Irrigation,0.9885,NORMAL,2,Restricted Irrigation,False
2026-10-02 07:25:00,Bathroom,6.95,27.52,0.25,47.09,294.35,323.59,44.98,612.91,5.28,42.29,95.44,13.81,4.89,21.41,0.0,19.81,1000.0,518.35,OK,normal,False,0.1295,2,Restricted Irrigation,0.9849,NORMAL,2,Restricted Irrigation,False
2026-10-02 07:30:00,Bathroom,7.02,26.12,0.21,33.52,291.79,215.63,75.28,595.76,4.5,63.83,135.71,15.9,5.59,13.77,3636.9,11.89,1000.0,517.8,OK,normal,False,0.1336,2,Restricted Irrigation,0.9931,NORMAL,2,Restricted Irrigation,False
2026-10-02 07:35:00,Bathroom,6.73,28.24,0.12,50.37,377.09,251.75,65.45,265.81,3.3,55.8,98.7,10.92,9.22,10.37,33397.4,15.78,1000.0,536.7,OK,normal,False,0.0919,2,Restricted Irrigation,0.9936,NORMAL,2,Restricted Irrigation,False
2026-10-02 07:40:00,Bathroom,6.85,29.06,0.3,40.79,154.88,328.55,36.81,533.23,3.22,55.25,74.87,5.44,7.43,16.55,0.0,13.56,1000.0,544.5,OK,normal,False,0.1275,2,Restricted Irrigation,0.9812,NORMAL,2,Restricted Irrigation,False
2026-10-02 07:45:00,Bathroom,6.96,26.35,0.21,39.46,315.97,184.16,74.69,725.54,4.37,46.49,107.28,11.12,2.55,16.24,19734.5,11.29,1000.0,540.95,OK,normal,False,0.1306,2,Restricted Irrigation,0.9883,NORMAL,2,Restricted Irrigation,False
2026-10-02 07:50:00,Bathroom,6.52,29.26,0.2,6.72,322.86,313.08,52.18,375.72,4.76,63.66,214.28,10.79,5.91,14.62,56872.1,11.44,1000.0,538.15,OK,normal,False,0.1157,2,Restricted Irrigation,0.9959,NORMAL,2,Restricted Irrigation,False
2026-10-02 07:55:00,Bathroom,6.66,23.63,0.22,45.02,242.58,220.42,59.66,606.45,3.45,47.05,124.6,7.96,6.62,16.19,78285.4,21.03,1000.0,583.3,OK,normal,False,0.14,1,Bio-filtration,0.9677,NORMAL,1,Bio-filtration,False
2026-10-02 08:00:00,Bathroom,6.57,22.88,0.3,39.62,316.89,269.11,65.07,531.68,4.73,61.94,102.0,2.37,7.64,20.42,21375.5,19.19,1000.0,619.25,OK,normal,False,0.1152,2,Restricted Irrigation,0.9934,NORMAL,2,Restricted Irrigation,False
2026-10-02 08:05:00,Bathroom,7.12,31.92,0.26,44.2,318.28,296.95,21.78,522.8,3.88,38.64,192.81,14.82,8.03,16.69,73542.0,11.82,1000.0,618.35,OK,normal,False,0.1293,2,Restricted Irrigation,0.9428,NORMAL,2,Restricted Irrigation,False
2026-10-02 08:10:00,Bathroom,6.8,22.33,0.25,38.99,156.44,275.38,82.57,626.28,4.9,50.99,107.56,5.49,6.34,17.41,69251.4,10.5,1000.0,610.85,OK,normal,False,0.1304,2,Restricted Irrigation,0.9037,NORMAL,2,Restricted Irrigation,False
2026-10-02 08:15:00,Bathroom,7.41,23.06,0.15,14.54,295.75,288.55,66.7,636.83,2.23,64.88,228.17,5.72,4.9,12.82,0.0,14.55,1000.0,623.6,OK,normal,False,0.1006,2,Restricted Irrigation,0.9622,NORMAL,2,Restricted Irrigation,False
2026-10-02 08:20:00,Bathroom,7.25,27.08,0.27,36.1,287.35,323.13,18.76,554.97,3.34,28.91,128.62,9.37,4.5,19.34,23691.2,21.75,1000.0,672.35,OK,normal,False,0.1483,2,Restricted Irrigation,0.9888,NORMAL,2,Restricted Irrigation,False
2026-10-02 08:25:00,Bathroom,6.65,22.58,0.28,49.09,244.18,126.04,21.29,461.76,3.76,38.06,135.66,7.8,7.34,12.92,14300.5,11.43,1000.0,669.5,OK,normal,False,0.1214,2,Restricted Irrigation,0.9933,NORMAL,2,Restricted Irrigation,False
2026-10-02 08:30:00,Bathroom,7.29,31.52,0.36,43.46,383.13,156.91,57.51,410.96,4.25,51.75,138.4,15.31,5.58,17.65,58944.3,13.61,1000.0,677.55,OK,normal,False,0.1228,2,Restricted Irrigation,0.983,NORMAL,2,Restricted Irrigation,False
2026-10-02 08:35:00,Bathroom,6.94,28.42,0.01,39.32,28.38,151.22,71.55,552.83,3.39,42.43,178.17,7.53,9.58,15.91,32933.8,18.17,1000.0,708.4,OK,normal,False,0.0793,2,Restricted Irrigation,0.9901,NORMAL,2,Restricted Irrigation,False
2026-10-02 08:40:00,Bathroom,7.37,26.0,0.18,39.98,309.51,186.09,68.02,591.78,4.5,65.95,74.86,10.09,5.31,13.59,87372.6,17.34,1000.0,735.1,OK,normal,False,0.1375,1,Bio-filtration,0.9786,NORMAL,1,Bio-filtration,False
2026-10-02 08:45:00,Bathroom,6.88,30.14,0.22,21.28,350.18,251.18,24.87,425.37,3.5,57.46,117.54,8.19,6.65,17.13,78415.2,14.22,1000.0,746.2,OK,normal,False,0.1343,1,Bio-filtration,0.9484,NORMAL,1,Bio-filtration,False
2026-10-02 08:50:00,Bathroom,7.32,29.35,0.22,46.24,325.94,294.36,46.88,426.46,3.87,61.36,113.93,10.36,3.56,14.36,55792.6,19.75,1000.0,784.95,OK,normal,False,0.147,2,Restricted Irrigation,0.9899,NORMAL,2,Restricted Irrigation,False
2026-10-02 08:55:00,Bathroom,6.96,26.27,0.14,29.81,173.87,219.08,65.1,648.93,6.28,45.78,175.78,10.29,5.76,17.73,66597.5,12.46,1000.0,787.25,OK,normal,False,0.1115,2,Restricted Irrigation,0.9817,NORMAL,2,Restricted Irrigation,False
2026-10-02 09:00:00,Bathroom,7.33,29.73,0.28,41.72,190.86,339.78,31.67,424.2,5.12,68.77,182.44,8.78,3.7,14.53,0.0,19.52,1000.0,824.85,OK,normal,False,0.1379,2,Restricted Irrigation,0.991,NORMAL,2,Restricted Irrigation,False
2026-10-02 09:05:00,Kitchen,7.33,24.46,0.67,115.97,796.82,636.45,215.45,811.04,0.81,550.18,422.81,6.41,4.79,21.28,429459.2,10.56,1000.0,817.65,OK,normal,False,0.0309,0,Sewer Bypass,0.9871,HIGH_RISK_REVIEW,0,Sewer Bypass,False
2026-10-02 09:10:00,Kitchen,7.32,21.78,0.49,88.45,987.52,902.36,185.48,779.44,0.0,139.94,755.02,9.93,6.0,14.97,121418.9,13.36,1000.0,824.45,OK,normal,False,0.0473,0,Sewer Bypass,0.9995,HIGH_RISK_REVIEW,0,Sewer Bypass,False
2026-10-02 09:15:00,Kitchen,7.68,33.79,0.7,78.07,444.48,851.6,127.11,620.64,0.34,386.75,737.66,11.45,5.06,18.99,77131.2,13.97,1000.0,834.3,OK,normal,False,0.043,0,Sewer Bypass,0.9997,HIGH_RISK_REVIEW,0,Sewer Bypass,False
2026-10-02 09:20:00,Kitchen,7.18,29.11,0.57,103.78,674.94,719.48,173.58,663.77,0.0,364.87,796.99,10.81,6.52,24.1,448712.6,9.54,1000.0,822.0,OK,normal,False,0.0763,0,Sewer Bypass,0.9994,HIGH_RISK_REVIEW,0,Sewer Bypass,False
2026-10-02 09:25:00,Kitchen,7.26,30.03,0.54,177.13,510.03,779.84,216.17,971.09,0.5,349.25,765.57,9.7,6.86,25.11,436517.9,11.87,1000.0,821.35,OK,normal,False,0.0353,0,Sewer Bypass,0.9999,HIGH_RISK_REVIEW,0,Sewer Bypass,False
2026-10-02 09:30:00,Kitchen,6.95,27.03,0.7,145.85,594.07,535.26,189.08,483.38,0.91,442.49,543.52,10.81,4.35,17.53,345936.2,4.24,1000.0,782.55,OK,normal,False,0.0385,0,Sewer Bypass,0.9994,HIGH_RISK_REVIEW,0,Sewer Bypass,False
2026-10-02 09:35:00,Kitchen,7.52,21.84,0.64,98.1,508.6,619.72,113.25,862.08,1.33,392.54,536.98,12.88,7.18,13.99,26229.0,11.06,1000.0,777.85,OK,normal,False,0.0598,0,Sewer Bypass,0.7382,NORMAL,0,Sewer Bypass,False
2026-10-02 09:40:00,Kitchen,7.67,26.49,0.54,135.51,402.12,686.69,349.43,877.21,0.58,302.58,686.73,12.54,5.62,26.25,4431.5,12.99,1000.0,782.8,OK,normal,False,0.0443,0,Sewer Bypass,0.9999,HIGH_RISK_REVIEW,0,Sewer Bypass,False
2026-10-02 09:45:00,Kitchen,7.73,31.71,0.38,108.55,572.02,317.15,223.07,1007.9,0.06,390.52,624.35,11.18,8.65,19.52,401961.1,6.02,1000.0,752.9,OK,normal,False,0.0459,0,Sewer Bypass,0.9957,HIGH_RISK_REVIEW,0,Sewer Bypass,False
2026-10-02 09:50:00,Kitchen,7.24,34.96,0.47,161.99,814.93,475.19,364.0,963.25,1.29,361.38,734.48,12.58,6.22,27.78,359999.7,8.22,1000.0,734.0,OK,normal,False,0.0106,0,Sewer Bypass,0.9997,HIGH_RISK_REVIEW,0,Sewer Bypass,False
2026-10-02 09:55:00,Kitchen,7.57,22.12,0.68,115.31,647.46,988.51,314.43,794.62,0.45,320.22,827.6,12.7,5.23,27.87,260858.1,5.99,1000.0,703.95,OK,normal,False,0.0277,0,Sewer Bypass,1.0,HIGH_RISK_REVIEW,0,Sewer Bypass,False
2026-10-02 10:00:00,Kitchen,7.33,19.14,0.54,112.75,921.86,373.09,180.13,1073.54,0.98,422.09,770.5,14.95,7.21,17.79,490494.6,7.61,1000.0,682.0,OK,normal,False,0.0265,0,Sewer Bypass,0.9976,HIGH_RISK_REVIEW,0,Sewer Bypass,False
2026-10-02 10:05:00,Kitchen,7.47,25.74,0.55,44.71,583.04,940.39,219.31,857.88,1.19,455.69,444.03,7.36,6.63,18.58,639104.1,12.37,1000.0,683.85,OK,normal,False,0.0293,0,Sewer Bypass,0.9997,HIGH_RISK_REVIEW,0,Sewer Bypass,False
2026-10-02 10:10:00,Kitchen,7.96,23.22,0.58,62.82,442.1,850.1,190.99,942.83,0.97,350.75,968.88,12.49,3.28,17.72,395748.0,6.35,1000.0,655.6,OK,normal,False,0.0129,0,Sewer Bypass,0.991,HIGH_RISK_REVIEW,0,Sewer Bypass,False
2026-10-02 10:15:00,Kitchen,7.23,22.72,0.56,165.69,318.92,630.29,315.08,874.8,0.68,182.75,577.88,13.39,7.94,11.69,381090.0,13.23,1000.0,661.75,OK,high_turbidity,False,0.0257,0,Sewer Bypass,0.9994,HIGH_RISK_REVIEW,0,Sewer Bypass,False
2026-10-02 10:20:00,Kitchen,7.85,23.96,0.51,165.91,783.61,390.85,315.85,1039.73,1.16,379.81,749.6,11.36,6.97,20.76,302969.3,7.06,1000.0,637.05,OK,high_turbidity,False,0.0221,0,Sewer Bypass,0.9997,HIGH_RISK_REVIEW,0,Sewer Bypass,False
2026-10-02 10:25:00,Kitchen,7.14,27.3,0.54,167.16,768.24,325.26,326.54,810.23,0.66,178.16,852.06,4.45,7.72,14.42,297458.1,8.74,1000.0,620.75,OK,high_turbidity,False,0.0145,0,Sewer Bypass,1.0,HIGH_RISK_REVIEW,0,Sewer Bypass,False
2026-10-02 10:30:00,Kitchen,7.68,24.4,0.59,162.79,642.95,497.53,311.39,599.05,0.9,402.95,714.34,7.01,7.69,22.97,115473.4,11.79,1000.0,619.7,OK,high_turbidity,False,0.0293,0,Sewer Bypass,1.0,HIGH_RISK_REVIEW,0,Sewer Bypass,False
2026-10-02 10:35:00,Kitchen,8.01,20.92,0.55,166.06,520.57,626.43,323.47,845.77,1.94,319.99,820.57,17.39,5.71,18.87,1831.9,10.31,1000.0,611.25,OK,high_turbidity,False,0.0144,0,Sewer Bypass,0.9994,HIGH_RISK_REVIEW,0,Sewer Bypass,False
2026-10-02 10:40:00,Kitchen,7.37,26.73,0.55,160.89,504.68,759.25,314.05,820.96,0.28,381.77,738.37,18.76,7.02,15.22,434978.3,10.83,1000.0,605.4,OK,high_turbidity,False,0.0384,0,Sewer Bypass,1.0,HIGH_RISK_REVIEW,0,Sewer Bypass,False
2026-10-02 10:45:00,Kitchen,7.12,23.31,0.48,159.33,731.6,479.34,333.8,743.42,0.83,218.7,1000.88,17.72,6.71,15.41,293010.5,4.32,1000.0,567.0,OK,high_turbidity,False,0.0211,0,Sewer Bypass,1.0,HIGH_RISK_REVIEW,0,Sewer Bypass,False
2026-10-02 10:50:00,Kitchen,7.29,26.48,0.5,159.82,595.25,693.7,320.71,741.85,0.87,150.04,846.85,13.24,6.37,26.57,38970.4,13.85,1000.0,576.25,OK,high_turbidity,False,0.0441,0,Sewer Bypass,1.0,HIGH_RISK_REVIEW,0,Sewer Bypass,False
2026-10-02 10:55:00,Kitchen,7.32,29.29,0.54,162.0,651.01,713.37,305.76,873.81,0.63,517.17,631.75,11.6,6.27,25.29,16390.5,8.43,1000.0,558.4,OK,high_turbidity,False,0.0363,0,Sewer Bypass,1.0,HIGH_RISK_REVIEW,0,Sewer Bypass,False
2026-10-02 11:00:00,Kitchen,7.72,30.72,0.61,170.06,560.28,707.25,330.19,850.52,1.33,281.7,682.97,9.32,4.26,12.85,415163.4,4.43,1000.0,520.55,OK,high_turbidity,False,0.0157,0,Sewer Bypass,0.9998,HIGH_RISK_REVIEW,0,Sewer Bypass,False
2026-10-02 11:05:00,Kitchen,7.24,20.81,0.61,156.32,416.69,536.65,321.99,897.69,0.61,433.64,571.13,13.96,6.41,19.12,380916.7,11.33,1000.0,517.2,OK,high_turbidity,False,0.0283,0,Sewer Bypass,1.0,HIGH_RISK_REVIEW,0,Sewer Bypass,False
2026-10-02 11:10:00,Kitchen,7.57,29.33,0.42,156.06,476.32,828.11,318.55,1037.86,0.7,227.66,654.28,10.75,3.84,22.11,0.0,12.85,1000.0,521.45,OK,high_turbidity,False,0.0233,0,Sewer Bypass,1.0,HIGH_RISK_REVIEW,0,Sewer Bypass,False
2026-10-02 11:15:00,Kitchen,7.27,26.13,0.53,157.63,668.84,653.09,318.25,765.65,1.29,324.24,712.13,13.49,9.04,15.78,484859.3,10.01,1000.0,511.5,OK,high_turbidity,False,0.0359,0,Sewer Bypass,0.9998,HIGH_RISK_REVIEW,0,Sewer Bypass,False
2026-10-02 11:20:00,Kitchen,7.47,28.49,0.57,170.24,510.21,977.29,309.27,744.48,1.07,384.83,549.0,17.77,6.01,16.1,546971.2,6.79,1000.0,485.45,OK,high_turbidity,False,0.0177,0,Sewer Bypass,1.0,HIGH_RISK_REVIEW,0,Sewer Bypass,False
2026-10-02 11:25:00,Kitchen,6.61,27.43,0.54,172.32,515.52,713.0,318.18,830.54,1.31,325.97,920.65,9.93,6.56,25.34,436553.7,11.14,1000.0,481.15,OK,high_turbidity,False,0.0152,0,Sewer Bypass,0.9999,HIGH_RISK_REVIEW,0,Sewer Bypass,False
2026-10-02 11:30:00,Kitchen,6.93,32.97,0.57,127.46,534.38,592.66,280.79,810.46,1.12,342.13,726.65,8.17,2.83,20.32,312479.7,11.65,1000.0,479.4,OK,normal,False,0.0478,0,Sewer Bypass,0.9943,HIGH_RISK_REVIEW,0,Sewer Bypass,False
2026-10-02 11:35:00,Kitchen,7.61,27.16,0.58,122.84,719.58,763.63,159.11,573.7,1.78,383.32,513.59,10.84,7.48,20.79,172568.2,9.03,1000.0,464.55,OK,normal,False,0.068,1,Bio-filtration,0.6084,SEWER_BYPASS_OVERRIDE,0,Sewer Bypass,True
2026-10-02 11:40:00,Kitchen,7.19,27.28,0.58,125.47,936.16,558.45,242.88,976.0,0.79,611.76,723.31,14.61,4.89,20.12,367165.6,5.19,1000.0,430.5,OK,normal,False,0.0271,0,Sewer Bypass,0.9999,HIGH_RISK_REVIEW,0,Sewer Bypass,False
2026-10-02 11:45:00,Kitchen,7.06,27.59,0.57,128.07,461.76,714.99,161.05,757.52,0.19,506.29,869.59,15.67,8.64,34.91,0.0,13.5,1000.0,438.0,OK,normal,False,0.0339,0,Sewer Bypass,0.9999,HIGH_RISK_REVIEW,0,Sewer Bypass,False
2026-10-02 11:50:00,Kitchen,6.87,26.89,0.54,104.14,914.74,717.03,261.37,690.83,0.16,365.17,788.14,6.75,6.08,22.36,277352.2,9.62,1000.0,426.1,OK,normal,False,0.0499,0,Sewer Bypass,0.9999,NORMAL,0,Sewer Bypass,False
2026-10-02 11:55:00,Kitchen,7.41,26.73,0.51,101.2,349.11,621.43,157.84,843.26,0.21,230.75,818.05,13.83,6.84,32.3,368272.3,4.4,1000.0,388.1,OK,normal,False,0.075,0,Sewer Bypass,0.9943,HIGH_RISK_REVIEW,0,Sewer Bypass,False
2026-10-02 12:00:00,Kitchen,6.91,24.39,0.55,158.51,436.9,609.07,258.13,460.69,1.4,226.87,803.59,14.62,8.13,24.38,0.0,6.09,1000.0,358.55,OK,normal,False,0.0426,0,Sewer Bypass,0.9994,HIGH_RISK_REVIEW,0,Sewer Bypass,False
2026-10-02 12:05:00,Laundry,7.53,24.73,0.3,128.96,449.6,563.95,181.71,715.83,1.98,341.28,848.48,15.83,3.13,21.55,323420.4,21.01,1000.0,403.6,OK,normal,False,0.0721,1,Bio-filtration,0.8182,SEWER_BYPASS_OVERRIDE,0,Sewer Bypass,True
2026-10-02 12:10:00,Laundry,7.3,27.34,0.46,96.49,594.45,448.54,201.51,695.62,1.32,322.4,876.87,11.28,6.61,26.7,295743.6,25.47,1000.0,470.95,OK,normal,False,0.0946,1,Bio-filtration,0.928,SEWER_BYPASS_OVERRIDE,0,Sewer Bypass,True
2026-10-02 12:15:00,Laundry,7.13,32.07,0.39,37.67,412.73,552.33,111.68,627.03,1.02,427.26,711.65,15.24,7.17,19.29,133456.5,28.77,1000.0,554.8,OK,normal,False,0.1052,0,Sewer Bypass,0.985,NORMAL,0,Sewer Bypass,False
2026-10-02 12:20:00,Laundry,6.55,25.62,0.41,139.15,381.09,130.86,200.85,552.57,1.74,267.52,529.56,15.17,3.11,16.92,231842.0,23.83,1000.0,613.95,OK,normal,False,0.0911,1,Bio-filtration,0.926,NORMAL,1,Bio-filtration,False
2026-10-02 12:25:00,Laundry,7.18,27.86,0.37,64.92,214.25,471.93,150.26,363.49,1.19,206.06,816.11,6.02,3.31,25.62,264235.3,18.09,1000.0,644.4,OK,normal,False,0.0785,1,Bio-filtration,0.9639,SEWER_BYPASS_OVERRIDE,0,Sewer Bypass,True
2026-10-02 12:30:00,Laundry,6.57,27.52,0.4,65.98,305.24,478.45,225.58,641.46,1.75,343.55,443.78,14.57,6.91,31.46,50082.8,14.62,1000.0,657.5,OK,normal,False,0.1103,1,Bio-filtration,0.9825,NORMAL,1,Bio-filtration,False
2026-10-02 12:35:00,Laundry,6.57,24.17,0.4,79.46,576.6,518.47,166.95,604.82,1.29,319.53,675.26,9.1,6.07,9.73,176477.8,17.29,1000.0,683.95,OK,normal,False,0.1077,1,Bio-filtration,0.9297,NORMAL,1,Bio-filtration,False
2026-10-02 12:40:00,Laundry,7.23,35.28,0.43,33.68,367.35,587.77,198.74,694.55,2.7,332.08,720.82,15.71,8.89,21.24,200118.7,13.38,1000.0,690.85,OK,normal,False,0.0839,1,Bio-filtration,0.9711,NORMAL,1,Bio-filtration,False
2026-10-02 12:45:00,Laundry,7.14,26.77,0.36,124.49,359.54,571.72,199.16,723.67,1.71,269.62,698.36,9.22,2.9,21.71,220165.9,16.88,1000.0,715.25,OK,normal,False,0.1061,1,Bio-filtration,0.9704,NORMAL,1,Bio-filtration,False
2026-10-02 12:50:00,Laundry,6.28,30.54,0.49,133.93,467.43,437.52,245.93,890.53,2.81,186.31,619.28,13.99,2.73,22.03,443142.2,27.87,1000.0,794.6,OK,normal,False,0.0539,1,Bio-filtration,0.503,SEWER_BYPASS_OVERRIDE,0,Sewer Bypass,True
2026-10-02 12:55:00,Laundry,7.34,28.18,0.47,68.68,660.67,494.05,214.45,444.87,0.82,404.99,611.0,5.3,7.31,16.79,309007.6,20.5,1000.0,837.1,OK,normal,False,0.078,0,Sewer Bypass,0.9994,HIGH_RISK_REVIEW,0,Sewer Bypass,False
2026-10-02 13:00:00,Laundry,6.67,33.6,0.39,73.92,597.0,471.96,129.31,653.05,2.92,413.02,459.95,12.69,5.98,15.62,110635.7,23.57,1000.0,894.95,OK,normal,False,0.1108,0,Sewer Bypass,0.6117,NORMAL,0,Sewer Bypass,False
2026-10-02 13:05:00,Laundry,7.63,22.91,0.27,127.97,327.04,431.19,132.28,717.96,0.77,269.04,637.19,8.84,4.93,18.19,0.0,27.2,1000.0,970.95,OK,normal,False,0.0959,0,Sewer Bypass,0.966,NORMAL,0,Sewer Bypass,False
2026-10-02 13:10:00,Laundry,7.32,26.21,0.46,75.18,242.86,465.54,51.52,646.22,2.94,104.22,408.23,8.77,5.17,18.02,304820.9,27.97,1000.0,1000.0,OK,normal,False,0.1136,1,Bio-filtration,0.9894,SEWER_BYPASS_OVERRIDE,0,Sewer Bypass,True
2026-10-02 13:15:00,Laundry,7.09,26.61,0.38,86.88,418.4,440.84,183.42,785.42,0.67,295.85,740.0,6.01,6.66,17.42,62271.5,22.73,1000.0,1000.0,OK,normal,False,0.1231,0,Sewer Bypass,0.9929,NORMAL,0,Sewer Bypass,False
2026-10-02 13:20:00,Laundry,6.66,20.3,0.48,123.66,526.47,379.06,159.42,748.4,2.0,231.64,387.22,13.08,7.9,14.35,225809.9,23.58,1000.0,1000.0,OK,normal,False,0.0987,1,Bio-filtration,0.9947,NORMAL,1,Bio-filtration,False
2026-10-02 13:25:00,Laundry,6.84,25.19,0.6,108.28,361.13,490.34,107.22,859.8,1.1,327.55,729.22,13.63,5.97,20.07,145237.8,22.02,1000.0,1000.0,OK,normal,False,0.1142,1,Bio-filtration,0.8139,NORMAL,1,Bio-filtration,False
2026-10-02 13:30:00,Laundry,6.67,26.97,0.52,42.19,444.03,276.85,126.01,645.64,1.41,219.63,612.55,10.19,3.47,23.71,200946.4,19.56,1000.0,1000.0,OK,normal,False,0.1079,1,Bio-filtration,0.9804,NORMAL,1,Bio-filtration,False
2026-10-02 13:35:00,Laundry,6.86,29.43,0.44,126.53,422.78,436.02,234.97,737.29,2.34,213.13,423.19,10.53,4.6,24.57,226932.5,22.7,1000.0,1000.0,OK,normal,False,0.1199,1,Bio-filtration,0.9882,NORMAL,1,Bio-filtration,False
2026-10-02 13:40:00,Laundry,7.09,33.01,0.43,108.95,213.34,364.85,99.45,423.13,1.77,65.17,410.03,10.42,4.25,21.25,138952.2,22.66,1000.0,1000.0,OK,normal,False,0.1116,1,Bio-filtration,0.9978,NORMAL,1,Bio-filtration,False
2026-10-02 13:45:00,Laundry,6.93,23.06,0.46,81.83,276.33,579.81,128.51,626.41,1.68,391.52,567.18,7.84,6.67,17.69,389552.5,22.13,1000.0,1000.0,OK,normal,False,0.1,0,Sewer Bypass,0.8584,HIGH_RISK_REVIEW,0,Sewer Bypass,False
2026-10-02 13:50:00,Laundry,6.48,25.71,0.36,120.29,562.05,572.94,123.56,307.2,0.09,413.89,495.66,9.03,8.55,25.83,136466.4,16.8,1000.0,1000.0,OK,normal,False,0.0713,0,Sewer Bypass,0.9907,NORMAL,0,Sewer Bypass,False
2026-10-02 13:55:00,Laundry,7.51,22.14,0.38,101.37,331.56,466.57,65.45,860.9,1.04,475.41,559.59,16.04,5.8,20.12,62138.6,22.76,1000.0,1000.0,OK,normal,False,0.0882,0,Sewer Bypass,0.9307,NORMAL,0,Sewer Bypass,False
2026-10-02 14:00:00,Laundry,7.08,32.7,0.42,158.19,373.91,372.77,88.9,945.93,2.45,258.3,739.29,14.74,9.53,12.45,45813.9,29.36,1000.0,1000.0,OK,normal,False,0.063,0,Sewer Bypass,0.6817,HIGH_RISK_REVIEW,0,Sewer Bypass,False
2026-10-02 14:05:00,Laundry,7.37,28.46,0.33,88.48,436.46,526.4,77.43,552.22,1.94,270.14,662.47,8.08,6.66,25.37,217053.2,15.47,1000.0,1000.0,OK,normal,False,0.1184,1,Bio-filtration,0.9755,NORMAL,1,Bio-filtration,False
2026-10-02 14:10:00,Laundry,6.65,27.17,0.35,63.84,373.62,368.13,127.2,643.19,2.72,301.01,887.26,12.66,5.55,19.46,135277.6,13.26,1000.0,1000.0,OK,normal,False,0.1251,1,Bio-filtration,0.9767,SEWER_BYPASS_OVERRIDE,0,Sewer Bypass,True
2026-10-02 14:15:00,Laundry,6.82,25.28,0.41,60.44,326.02,469.04,226.97,817.51,1.11,371.53,460.07,18.85,3.9,26.41,87815.7,27.55,1000.0,1000.0,OK,normal,False,0.0992,1,Bio-filtration,0.9788,NORMAL,1,Bio-filtration,False
2026-10-02 14:20:00,Laundry,7.01,29.99,0.34,89.19,321.31,286.61,182.8,705.21,2.37,337.75,637.31,14.39,6.38,21.5,44977.3,17.95,1000.0,1000.0,OK,normal,False,0.1336,1,Bio-filtration,0.9652,NORMAL,1,Bio-filtration,False
2026-10-02 14:25:00,Laundry,7.02,30.29,0.4,143.28,443.39,475.73,105.72,706.25,1.49,216.19,490.56,22.39,5.59,12.75,61552.7,29.48,1000.0,1000.0,OK,normal,False,0.0905,1,Bio-filtration,0.5938,SEWER_BYPASS_OVERRIDE,0,Sewer Bypass,True
2026-10-02 14:30:00,Laundry,7.14,27.64,0.41,103.46,319.4,249.25,120.77,748.63,2.29,149.32,464.62,9.68,5.44,13.35,0.0,12.6,1000.0,1000.0,OK,normal,False,0.1277,1,Bio-filtration,0.9971,NORMAL,1,Bio-filtration,False
2026-10-02 14:35:00,Laundry,6.95,30.4,0.37,93.23,406.11,523.21,104.38,768.04,2.08,169.74,727.52,20.84,7.52,26.61,168767.3,17.25,1000.0,1000.0,OK,normal,False,0.0933,1,Bio-filtration,0.9841,NORMAL,1,Bio-filtration,False
2026-10-02 14:40:00,Laundry,7.22,22.42,0.48,68.65,468.62,462.11,195.47,706.87,0.83,157.8,716.48,12.94,7.96,18.32,0.0,24.09,1000.0,1000.0,OK,normal,False,0.1154,0,Sewer Bypass,0.961,NORMAL,0,Sewer Bypass,False
2026-10-02 14:45:00,Laundry,6.63,31.34,0.35,90.57,374.89,202.24,94.34,786.65,0.0,214.38,520.03,18.98,7.29,16.97,284641.0,12.18,1000.0,1000.0,OK,normal,False,0.0998,1,Bio-filtration,0.5972,NORMAL,1,Bio-filtration,False
2026-10-02 14:50:00,Laundry,7.11,34.82,0.44,122.28,785.28,485.43,195.54,753.17,0.79,247.4,516.73,14.96,5.55,20.02,261664.7,16.53,1000.0,1000.0,OK,normal,False,0.1017,1,Bio-filtration,0.8699,NORMAL,1,Bio-filtration,False
2026-10-02 14:55:00,Laundry,6.91,19.73,0.38,92.99,390.62,415.09,200.3,518.13,0.15,229.3,674.18,18.42,7.03,12.75,99710.3,22.73,1000.0,1000.0,OK,normal,False,0.0892,0,Sewer Bypass,0.9888,NORMAL,0,Sewer Bypass,False
2026-10-02 15:00:00,Laundry,6.96,23.13,0.42,58.64,429.03,425.35,182.7,677.94,1.47,137.6,377.9,9.82,5.74,16.32,166511.9,19.91,1000.0,1000.0,OK,normal,False,0.1383,1,Bio-filtration,0.9982,NORMAL,1,Bio-filtration,False
2026-10-02 15:05:00,Laundry,6.6,29.17,0.39,64.5,393.69,215.91,130.86,713.94,2.45,222.32,721.89,7.25,3.65,22.94,368695.4,22.21,1000.0,1000.0,OK,normal,False,0.1001,1,Bio-filtration,0.942,SEWER_BYPASS_OVERRIDE,0,Sewer Bypass,True
2026-10-02 15:10:00,Laundry,7.84,28.88,0.42,107.79,634.49,545.4,64.17,831.11,1.42,288.38,409.99,13.87,4.84,20.89,112590.3,16.11,1000.0,1000.0,OK,normal,False,0.0966,1,Bio-filtration,0.9938,NORMAL,1,Bio-filtration,False
2026-10-02 15:15:00,Laundry,6.67,27.52,0.36,82.77,508.91,463.68,77.65,493.43,0.36,524.16,878.87,17.65,2.73,26.65,255711.3,25.72,1000.0,1000.0,OK,high_organic_load,False,0.048,0,Sewer Bypass,0.9999,HIGH_RISK_REVIEW,0,Sewer Bypass,False
2026-10-02 15:20:00,Laundry,6.85,22.42,0.31,86.58,436.16,605.08,168.01,793.06,0.28,540.49,892.13,11.53,8.31,22.35,1008.4,14.58,1000.0,1000.0,OK,high_organic_load,False,0.0634,0,Sewer Bypass,0.9999,HIGH_RISK_REVIEW,0,Sewer Bypass,False
2026-10-02 15:25:00,Laundry,6.43,23.36,0.51,103.29,263.62,273.29,163.49,845.62,0.33,505.96,890.55,14.45,3.16,24.44,81806.3,16.98,1000.0,1000.0,OK,high_organic_load,False,0.0576,0,Sewer Bypass,0.9999,HIGH_RISK_REVIEW,0,Sewer Bypass,False
2026-10-02 15:30:00,Laundry,6.96,29.25,0.35,114.05,421.99,297.46,163.88,835.73,0.3,521.57,921.87,13.9,7.39,22.75,216225.1,27.81,1000.0,1000.0,OK,high_organic_load,False,0.0805,0,Sewer Bypass,0.9999,HIGH_RISK_REVIEW,0,Sewer Bypass,False
2026-10-02 15:35:00,Laundry,7.32,34.02,0.41,81.81,704.39,370.89,133.9,461.43,0.26,537.88,857.35,7.44,8.29,19.61,258879.2,25.65,1000.0,1000.0,OK,high_organic_load,False,0.0583,0,Sewer Bypass,0.9999,HIGH_RISK_REVIEW,0,Sewer Bypass,False
2026-10-02 15:40:00,Laundry,7.51,27.05,0.3,129.73,490.95,540.21,241.36,603.86,0.32,543.71,871.3,11.64,8.28,20.66,47885.9,24.91,1000.0,1000.0,OK,high_organic_load,False,0.0491,0,Sewer Bypass,0.9999,HIGH_RISK_REVIEW,0,Sewer Bypass,False
2026-10-02 15:45:00,Laundry,6.93,26.83,0.42,80.25,464.15,421.52,65.15,649.27,0.31,531.42,871.11,14.99,7.05,22.61,0.0,29.31,1000.0,1000.0,OK,high_organic_load,False,0.0894,0,Sewer Bypass,0.9999,HIGH_RISK_REVIEW,0,Sewer Bypass,False
2026-10-02 15:50:00,Laundry,6.52,31.83,0.35,72.58,394.67,321.75,91.04,664.05,0.32,517.46,896.18,14.6,5.62,18.75,240773.5,13.11,1000.0,1000.0,OK,high_organic_load,False,0.0782,0,Sewer Bypass,0.9999,HIGH_RISK_REVIEW,0,Sewer Bypass,False
2026-10-02 15:55:00,Laundry,7.09,27.6,0.43,71.69,515.98,775.34,140.26,669.75,0.37,524.86,853.38,9.9,4.76,12.27,0.0,17.1,1000.0,1000.0,OK,high_organic_load,False,0.0628,0,Sewer Bypass,1.0,HIGH_RISK_REVIEW,0,Sewer Bypass,False
2026-10-02 16:00:00,Laundry,7.07,28.19,0.39,89.61,570.38,568.29,189.51,773.54,0.3,538.14,867.71,13.81,7.12,24.64,30044.4,20.35,1000.0,1000.0,OK,high_organic_load,False,0.085,0,Sewer Bypass,0.9999,HIGH_RISK_REVIEW,0,Sewer Bypass,False
2026-10-02 16:05:00,Kitchen,7.33,21.45,0.46,146.72,586.15,580.37,158.17,814.4,0.37,516.35,892.13,10.27,6.38,21.66,393251.8,8.31,1000.0,981.55,OK,high_organic_load,False,0.0424,0,Sewer Bypass,1.0,HIGH_RISK_REVIEW,0,Sewer Bypass,False
2026-10-02 16:10:00,Kitchen,7.17,23.8,0.67,114.67,462.8,836.43,230.08,917.08,0.19,487.1,891.66,8.18,6.11,22.66,766986.8,11.15,1000.0,977.3,OK,high_organic_load,False,0.0019,0,Sewer Bypass,1.0,HIGH_RISK_REVIEW,0,Sewer Bypass,False
2026-10-02 16:15:00,Kitchen,7.89,21.05,0.51,131.5,854.69,658.29,249.48,830.82,0.26,513.96,849.16,7.99,6.62,16.82,326565.2,13.9,1000.0,986.8,OK,high_organic_load,False,0.0158,0,Sewer Bypass,0.9999,HIGH_RISK_REVIEW,0,Sewer Bypass,False
2026-10-02 16:20:00,Kitchen,7.88,24.66,0.55,140.83,700.41,371.93,194.33,581.97,0.33,506.36,892.63,9.82,3.43,27.48,873196.4,7.15,1000.0,962.55,OK,high_organic_load,False,0.0019,0,Sewer Bypass,1.0,HIGH_RISK_REVIEW,0,Sewer Bypass,False
2026-10-02 16:25:00,Kitchen,7.6,28.01,0.68,132.2,620.93,812.52,236.61,830.79,0.36,494.79,902.92,10.74,7.6,27.73,262643.7,7.95,1000.0,942.3,OK,high_organic_load,False,0.0288,0,Sewer Bypass,1.0,HIGH_RISK_REVIEW,0,Sewer Bypass,False
2026-10-02 16:30:00,Kitchen,7.17,23.42,0.47,96.31,421.25,355.73,222.61,872.56,1.92,274.64,815.42,14.37,5.7,24.95,495457.9,5.78,1000.0,911.2,OK,normal,False,0.0653,0,Sewer Bypass,0.8884,HIGH_RISK_REVIEW,0,Sewer Bypass,False
2026-10-02 16:35:00,Kitchen,7.68,26.27,0.55,78.56,630.9,777.73,234.75,1151.07,1.68,323.41,725.05,14.86,4.49,26.84,352917.5,13.51,1000.0,918.75,OK,normal,False,0.0385,0,Sewer Bypass,0.5805,HIGH_RISK_REVIEW,0,Sewer Bypass,False
2026-10-02 16:40:00,Kitchen,7.56,26.01,0.54,78.87,517.86,706.8,252.67,728.31,0.92,602.49,770.21,10.73,6.0,22.36,270529.7,8.74,1000.0,902.45,OK,normal,False,0.0485,0,Sewer Bypass,0.9999,HIGH_RISK_REVIEW,0,Sewer Bypass,False
2026-10-02 16:45:00,Kitchen,7.6,26.32,0.54,148.98,484.73,510.4,222.41,908.53,0.29,348.65,749.22,5.47,5.81,20.72,203697.7,13.19,1000.0,908.4,OK,normal,False,0.06,0,Sewer Bypass,0.9998,HIGH_RISK_REVIEW,0,Sewer Bypass,False
2026-10-02 16:50:00,Kitchen,7.59,35.1,0.49,96.77,420.35,707.01,90.54,919.95,1.25,409.52,725.05,15.45,6.68,18.56,731461.9,5.86,1000.0,877.7,OK,normal,False,0.0304,0,Sewer Bypass,0.9989,HIGH_RISK_REVIEW,0,Sewer Bypass,False
2026-10-02 16:55:00,Kitchen,7.19,29.87,0.49,129.0,712.78,600.92,296.24,792.37,0.61,257.43,896.13,10.65,7.15,21.4,0.0,4.21,1000.0,838.75,OK,normal,False,0.0733,0,Sewer Bypass,0.9999,HIGH_RISK_REVIEW,0,Sewer Bypass,False
2026-10-02 17:00:00,Kitchen,7.75,28.01,0.49,97.86,514.7,681.69,305.67,973.28,1.0,203.18,575.42,15.61,3.54,20.42,392790.7,4.07,1000.0,799.1,OK,normal,False,0.0457,0,Sewer Bypass,0.9573,HIGH_RISK_REVIEW,0,Sewer Bypass,False
2026-10-02 17:05:00,Kitchen,6.93,34.68,0.56,130.31,635.17,562.27,169.33,1159.37,1.39,448.77,864.66,10.06,8.2,17.88,364979.2,11.98,1000.0,799.0,OK,normal,False,0.0227,0,Sewer Bypass,0.9963,HIGH_RISK_REVIEW,0,Sewer Bypass,False
2026-10-02 17:10:00,Kitchen,7.33,26.77,0.67,160.4,657.71,910.98,189.64,1075.61,1.12,725.26,589.47,11.1,6.87,23.28,747830.2,13.5,1000.0,806.5,OK,normal,True,-0.0166,0,Sewer Bypass,1.0,HIGH_RISK_REVIEW,0,Sewer Bypass,False
2026-10-02 17:15:00,Kitchen,7.44,26.94,0.59,134.82,502.11,848.89,191.12,757.71,1.09,159.03,647.94,16.82,3.1,27.12,710432.0,5.95,1000.0,776.25,OK,normal,False,0.0233,0,Sewer Bypass,0.9981,HIGH_RISK_REVIEW,0,Sewer Bypass,False
2026-10-02 17:20:00,Kitchen,7.26,29.25,0.51,109.48,442.06,850.79,33.06,937.76,0.57,308.99,1014.02,11.14,4.92,20.93,390349.8,12.75,1000.0,780.0,OK,normal,False,0.0303,0,Sewer Bypass,0.9996,HIGH_RISK_REVIEW,0,Sewer Bypass,False
2026-10-02 17:25:00,Kitchen,7.46,33.9,0.57,39.46,639.11,633.39,216.68,876.09,0.64,364.33,844.12,11.92,4.82,36.03,86382.1,4.41,1000.0,742.05,OK,normal,False,0.0472,0,Sewer Bypass,0.9911,HIGH_RISK_REVIEW,0,Sewer Bypass,False
2026-10-02 17:30:00,Kitchen,7.25,26.69,0.5,50.96,777.18,599.92,176.05,779.98,1.02,258.69,427.76,14.86,6.59,21.24,11207.7,6.79,1000.0,716.0,OK,normal,False,0.0863,1,Bio-filtration,0.9696,NORMAL,1,Bio-filtration,False
2026-10-02 17:35:00,Kitchen,7.33,29.71,0.44,99.41,419.43,889.15,279.41,516.42,0.08,333.53,686.02,8.17,9.42,23.26,393720.7,10.18,1000.0,706.9,OK,normal,False,0.0342,0,Sewer Bypass,0.9999,HIGH_RISK_REVIEW,0,Sewer Bypass,False
2026-10-02 17:40:00,Kitchen,7.02,26.57,0.55,97.46,839.36,616.93,305.24,766.36,0.83,345.01,502.76,19.1,5.98,24.68,93998.1,8.81,1000.0,690.95,OK,normal,False,0.0563,0,Sewer Bypass,0.9976,HIGH_RISK_REVIEW,0,Sewer Bypass,False
2026-10-02 17:45:00,Kitchen,7.33,21.29,0.58,134.52,892.56,747.24,181.18,930.59,0.02,252.86,848.25,5.19,6.06,16.82,317286.0,10.61,1000.0,684.0,OK,normal,False,0.0233,0,Sewer Bypass,0.9997,HIGH_RISK_REVIEW,0,Sewer Bypass,False
2026-10-02 17:50:00,Kitchen,7.38,30.63,0.53,152.45,679.09,614.38,191.44,1186.34,0.24,385.08,677.41,19.91,7.72,18.5,458761.4,8.35,1000.0,665.75,OK,normal,False,0.0294,0,Sewer Bypass,0.9999,HIGH_RISK_REVIEW,0,Sewer Bypass,False
2026-10-02 17:55:00,Kitchen,7.14,23.34,0.59,73.77,515.16,278.75,225.59,761.19,0.06,484.36,571.32,16.41,4.67,28.79,481951.8,6.65,1000.0,639.0,OK,normal,False,0.0249,0,Sewer Bypass,0.9998,HIGH_RISK_REVIEW,0,Sewer Bypass,False
2026-10-02 18:00:00,Kitchen,7.37,30.76,0.5,112.12,603.35,492.35,314.16,963.81,0.79,567.14,546.58,13.22,6.97,17.27,344608.0,13.16,1000.0,644.8,OK,normal,False,0.0428,0,Sewer Bypass,0.9996,HIGH_RISK_REVIEW,0,Sewer Bypass,False
2026-10-02 18:05:00,Kitchen,7.9,32.6,0.61,135.11,721.14,422.37,258.27,712.79,0.82,327.35,851.9,13.84,1.29,22.67,479353.6,9.25,1000.0,631.05,OK,normal,False,0.0304,0,Sewer Bypass,0.9998,HIGH_RISK_REVIEW,0,Sewer Bypass,False
2026-10-02 18:10:00,Kitchen,7.55,28.74,0.65,64.46,518.86,756.93,315.68,885.99,0.51,438.19,898.27,12.75,6.64,26.98,745359.4,7.43,1000.0,608.2,OK,normal,False,0.0217,0,Sewer Bypass,1.0,HIGH_RISK_REVIEW,0,Sewer Bypass,False
2026-10-02 18:15:00,Kitchen,6.55,23.24,0.7,139.33,406.1,578.49,212.29,947.51,1.9,411.46,679.87,16.73,5.03,16.97,0.0,9.07,1000.0,593.55,OK,normal,False,0.0367,0,Sewer Bypass,0.9983,HIGH_RISK_REVIEW,0,Sewer Bypass,False
2026-10-02 18:20:00,Kitchen,7.19,27.38,0.59,90.11,761.34,694.27,187.82,841.58,0.56,255.74,785.3,11.21,4.68,14.78,206592.4,5.81,1000.0,562.6,OK,normal,False,0.0656,0,Sewer Bypass,0.9979,NORMAL,0,Sewer Bypass,False
2026-10-02 18:25:00,Kitchen,7.09,23.1,0.66,124.06,493.14,526.3,166.37,741.36,0.0,174.48,742.18,11.49,8.11,23.31,344258.2,5.79,1000.0,531.55,OK,normal,False,0.067,0,Sewer Bypass,0.9965,HIGH_RISK_REVIEW,0,Sewer Bypass,False
2026-10-02 18:30:00,Kitchen,7.55,28.73,0.5,153.59,456.46,518.41,325.62,953.42,0.67,371.9,786.01,3.16,4.52,21.9,217871.2,10.3,1000.0,523.05,OK,normal,False,0.0289,0,Sewer Bypass,1.0,HIGH_RISK_REVIEW,0,Sewer Bypass,False
2026-10-02 18:35:00,Kitchen,7.29,26.61,0.56,114.78,557.12,659.69,275.88,658.75,0.19,169.26,901.31,14.15,7.21,14.55,772782.3,7.94,1000.0,502.75,OK,normal,False,0.0454,0,Sewer Bypass,1.0,HIGH_RISK_REVIEW,0,Sewer Bypass,False
2026-10-02 18:40:00,Kitchen,6.6,25.77,0.64,112.71,687.46,447.15,123.32,820.41,0.86,310.75,954.77,10.55,6.6,21.92,631.6,6.76,1000.0,476.55,OK,normal,False,0.057,0,Sewer Bypass,0.9919,HIGH_RISK_REVIEW,0,Sewer Bypass,False
2026-10-02 18:45:00,Kitchen,7.37,30.51,0.49,74.81,896.63,532.94,169.65,833.82,0.77,309.67,762.17,13.74,6.08,10.31,708052.2,13.81,1000.0,485.6,OK,normal,False,0.0344,0,Sewer Bypass,0.9994,HIGH_RISK_REVIEW,0,Sewer Bypass,False
2026-10-02 18:50:00,Kitchen,7.13,21.33,0.49,52.85,452.31,794.76,239.05,877.13,0.03,179.23,591.77,13.27,7.28,26.2,460924.9,7.07,1000.0,460.95,OK,normal,False,0.0517,0,Sewer Bypass,0.9801,HIGH_RISK_REVIEW,0,Sewer Bypass,False
2026-10-02 18:55:00,Kitchen,7.1,27.12,0.5,107.15,928.35,636.77,127.27,861.56,0.1,220.6,627.71,12.0,7.42,24.02,396532.0,6.91,1000.0,435.5,OK,normal,False,0.0674,0,Sewer Bypass,0.9936,HIGH_RISK_REVIEW,0,Sewer Bypass,False
2026-10-02 19:00:00,Kitchen,7.33,29.24,0.64,127.25,533.99,278.48,209.77,835.12,0.9,600.13,948.15,16.71,4.63,18.87,227581.6,6.3,1000.0,407.0,OK,normal,False,0.0275,0,Sewer Bypass,0.9997,HIGH_RISK_REVIEW,0,Sewer Bypass,False
2026-10-02 19:05:00,Kitchen,7.7,28.02,0.63,153.66,718.67,482.11,334.31,909.31,0.57,289.93,795.66,7.19,6.96,17.81,430912.8,5.5,1000.0,374.5,OK,normal,False,0.0156,0,Sewer Bypass,1.0,HIGH_RISK_REVIEW,0,Sewer Bypass,False
2026-10-02 19:10:00,Kitchen,6.82,28.41,0.48,96.33,692.28,663.87,182.12,727.74,0.89,311.97,581.45,12.82,6.44,21.12,9749.0,9.1,1000.0,360.0,OK,normal,False,0.0895,0,Sewer Bypass,0.8965,NORMAL,0,Sewer Bypass,False
2026-10-02 19:15:00,Kitchen,7.26,29.91,0.41,113.86,507.67,498.25,242.96,999.44,0.47,433.48,796.16,10.25,5.67,20.02,99793.6,10.21,1000.0,351.05,OK,normal,False,0.0747,0,Sewer Bypass,0.9999,NORMAL,0,Sewer Bypass,False
2026-10-02 19:20:00,Kitchen,7.67,23.88,0.64,104.64,411.44,536.06,28.18,802.54,0.68,435.45,460.66,18.29,7.7,27.17,273413.3,12.37,1000.0,352.9,OK,normal,False,0.034,0,Sewer Bypass,0.9949,NORMAL,0,Sewer Bypass,False
2026-10-02 19:25:00,Kitchen,7.51,26.95,0.64,94.01,609.28,609.08,192.47,804.04,0.79,369.61,612.37,16.64,4.58,21.11,195729.4,8.59,1000.0,335.85,OK,normal,False,0.08,0,Sewer Bypass,0.9856,NORMAL,0,Sewer Bypass,False
2026-10-02 19:30:00,Kitchen,7.25,27.89,0.51,140.58,788.76,473.81,164.58,622.53,2.06,384.53,850.33,8.35,6.12,24.38,218795.1,11.12,1000.0,331.45,OK,normal,False,0.0626,0,Sewer Bypass,0.6433,HIGH_RISK_REVIEW,0,Sewer Bypass,False
2026-10-02 19:35:00,Kitchen,7.44,29.81,0.66,136.65,718.74,584.33,156.77,918.74,0.86,199.9,724.8,13.02,5.42,28.58,334845.8,4.5,1000.0,293.95,OK,normal,False,0.0499,0,Sewer Bypass,0.9943,HIGH_RISK_REVIEW,0,Sewer Bypass,False
2026-10-02 19:40:00,Kitchen,7.67,20.55,0.56,168.35,488.61,618.88,116.9,1057.09,0.6,353.44,981.98,16.66,4.88,18.74,399559.2,13.91,1000.0,303.5,OK,normal,False,0.0167,0,Sewer Bypass,0.9997,HIGH_RISK_REVIEW,0,Sewer Bypass,False
2026-10-02 19:45:00,Kitchen,7.92,26.33,0.7,165.69,323.87,522.38,168.7,821.66,0.66,688.22,604.85,14.44,7.09,21.4,284495.9,7.44,1000.0,280.7,OK,normal,False,0.0224,0,Sewer Bypass,0.9999,HIGH_RISK_REVIEW,0,Sewer Bypass,False
2026-10-02 19:50:00,Kitchen,7.35,21.34,0.51,107.18,392.01,682.52,263.74,748.67,0.51,414.43,672.48,10.08,8.03,26.7,421352.4,10.45,1000.0,272.95,OK,normal,False,0.0473,0,Sewer Bypass,1.0,HIGH_RISK_REVIEW,0,Sewer Bypass,False
2026-10-02 19:55:00,Kitchen,7.19,28.56,0.54,114.8,713.23,507.77,261.96,929.08,1.45,376.15,1261.26,17.62,6.82,17.33,259783.0,13.78,1000.0,281.85,OK,normal,False,0.0523,0,Sewer Bypass,0.9855,HIGH_RISK_REVIEW,0,Sewer Bypass,False
2026-10-02 20:00:00,Kitchen,6.8,29.78,0.51,148.7,757.18,508.18,256.76,762.7,0.03,363.56,702.03,12.58,9.44,15.28,363843.8,4.06,1000.0,242.15,OK,normal,False,0.0391,0,Sewer Bypass,1.0,HIGH_RISK_REVIEW,0,Sewer Bypass,False
2026-10-02 20:05:00,Bathroom,7.16,28.61,0.22,28.13,354.67,350.46,97.58,708.04,4.19,44.48,170.5,11.46,4.34,12.03,41367.8,21.04,1000.0,287.35,OK,normal,False,0.1383,1,Bio-filtration,0.9642,NORMAL,1,Bio-filtration,False
2026-10-02 20:10:00,Bathroom,7.16,28.42,0.25,41.55,393.56,363.22,36.09,600.3,4.89,54.48,173.22,10.0,5.65,16.17,0.0,20.33,1000.0,329.0,OK,normal,False,0.1535,2,Restricted Irrigation,0.9911,NORMAL,2,Restricted Irrigation,False
2026-10-02 20:15:00,Bathroom,6.83,27.58,0.4,112.42,287.73,419.55,51.42,721.4,4.25,77.73,156.56,9.85,5.53,13.62,829690.1,11.49,1000.0,326.45,OK,microbial_spike,False,0.0642,0,Sewer Bypass,0.9799,HIGH_RISK_REVIEW,0,Sewer Bypass,False
2026-10-02 20:20:00,Bathroom,6.82,24.15,0.3,106.54,313.5,382.27,15.88,644.62,4.01,66.25,71.7,9.43,5.86,20.58,849519.7,12.24,1000.0,327.65,OK,microbial_spike,False,0.063,0,Sewer Bypass,0.9779,HIGH_RISK_REVIEW,0,Sewer Bypass,False
2026-10-02 20:25:00,Bathroom,6.83,24.5,0.29,105.65,412.94,179.71,74.66,408.13,4.91,31.55,131.65,6.9,5.41,17.29,803501.5,16.59,1000.0,350.6,OK,microbial_spike,False,0.0747,0,Sewer Bypass,0.967,HIGH_RISK_REVIEW,0,Sewer Bypass,False
2026-10-02 20:30:00,Bathroom,7.14,30.31,0.31,112.36,193.19,282.88,38.15,564.89,4.86,87.68,156.48,12.7,5.05,13.22,825376.9,16.98,1000.0,375.5,OK,microbial_spike,False,0.0608,0,Sewer Bypass,0.9721,HIGH_RISK_REVIEW,0,Sewer Bypass,False
2026-10-02 20:35:00,Bathroom,6.29,26.44,0.22,107.32,283.08,237.59,74.07,582.66,3.62,56.8,65.21,5.29,4.56,16.25,821119.6,19.19,1000.0,411.45,OK,microbial_spike,False,0.055,0,Sewer Bypass,0.9688,HIGH_RISK_REVIEW,0,Sewer Bypass,False
2026-10-02 20:40:00,Bathroom,6.95,21.9,0.25,110.16,276.08,300.53,50.02,582.16,4.09,63.39,144.03,5.55,4.03,6.08,833496.1,15.64,1000.0,429.65,OK,microbial_spike,False,0.0551,0,Sewer Bypass,0.9715,HIGH_RISK_REVIEW,0,Sewer Bypass,False
2026-10-02 20:45:00,Bathroom,7.18,24.89,0.16,110.42,434.11,327.73,33.93,444.65,4.64,71.27,83.82,8.78,5.92,19.71,818730.2,19.21,1000.0,465.7,OK,microbial_spike,False,0.0543,0,Sewer Bypass,0.9693,HIGH_RISK_REVIEW,0,Sewer Bypass,False
2026-10-02 20:50:00,Bathroom,7.01,27.82,0.32,111.36,298.91,301.7,63.89,454.54,4.37,48.2,191.67,13.5,6.87,18.31,833304.8,14.9,1000.0,480.2,OK,microbial_spike,False,0.0791,0,Sewer Bypass,0.9746,HIGH_RISK_REVIEW,0,Sewer Bypass,False
2026-10-02 20:55:00,Bathroom,6.47,24.8,0.35,114.79,11.3,313.52,99.7,301.41,5.19,5.36,171.39,8.67,1.83,17.83,842482.1,9.85,1000.0,469.45,OK,microbial_spike,False,0.0266,0,Sewer Bypass,0.9067,HIGH_RISK_REVIEW,0,Sewer Bypass,False
2026-10-02 21:00:00,Bathroom,6.39,25.77,0.24,106.77,304.11,305.51,59.77,536.61,5.02,50.43,133.68,8.22,4.24,18.53,890841.2,10.22,1000.0,460.55,OK,microbial_spike,False,0.07,0,Sewer Bypass,0.9706,HIGH_RISK_REVIEW,0,Sewer Bypass,False
2026-10-02 21:05:00,Bathroom,6.76,34.11,0.22,108.91,380.31,301.02,113.69,578.57,3.8,42.16,68.29,8.08,7.87,18.44,836893.6,15.76,1000.0,479.35,OK,microbial_spike,False,0.0645,0,Sewer Bypass,0.926,HIGH_RISK_REVIEW,0,Sewer Bypass,False
2026-10-02 21:10:00,Bathroom,7.03,39.4,0.29,107.25,165.95,253.03,91.78,353.78,2.51,50.06,180.09,9.39,5.18,8.11,889954.1,16.24,1000.0,500.55,OK,microbial_spike,False,0.0232,0,Sewer Bypass,0.9303,HIGH_RISK_REVIEW,0,Sewer Bypass,False
2026-10-02 21:15:00,Bathroom,7.06,24.17,0.29,111.92,46.07,457.23,80.41,446.51,5.57,37.21,123.3,7.39,8.52,15.93,883864.1,15.86,1000.0,519.85,OK,microbial_spike,False,0.0334,0,Sewer Bypass,0.9653,HIGH_RISK_REVIEW,0,Sewer Bypass,False
2026-10-02 21:20:00,Bathroom,6.76,32.1,0.33,108.2,234.79,384.02,41.74,563.58,5.89,64.48,100.96,10.54,4.84,9.84,877545.5,17.35,1000.0,546.6,OK,microbial_spike,False,0.0491,0,Sewer Bypass,0.9696,HIGH_RISK_REVIEW,0,Sewer Bypass,False
2026-10-02 21:25:00,Bathroom,6.59,27.31,0.22,107.74,308.85,358.68,125.33,486.82,3.84,45.85,147.9,9.78,4.51,15.35,881962.5,17.63,1000.0,574.75,OK,microbial_spike,False,0.0757,0,Sewer Bypass,0.931,HIGH_RISK_REVIEW,0,Sewer Bypass,False
2026-10-02 21:30:00,Bathroom,6.8,26.11,0.36,35.52,351.61,365.68,93.93,629.92,3.38,73.31,126.52,4.11,5.13,21.36,58816.5,19.74,1000.0,613.45,OK,normal,False,0.1319,1,Bio-filtration,0.9768,NORMAL,1,Bio-filtration,False
2026-10-02 21:35:00,Bathroom,7.46,28.43,0.39,45.38,276.08,341.87,101.17,704.66,5.08,65.72,146.11,11.06,8.67,17.48,73232.3,19.31,1000.0,650.0,OK,normal,False,0.124,1,Bio-filtration,0.9854,NORMAL,1,Bio-filtration,False
2026-10-02 21:40:00,Bathroom,6.99,27.58,0.28,29.03,246.77,394.82,126.75,397.48,3.3,23.95,111.26,12.24,6.15,16.9,17817.5,18.21,1000.0,681.05,OK,normal,False,0.1345,1,Bio-filtration,0.9017,NORMAL,1,Bio-filtration,False
2026-10-02 21:45:00,Bathroom,6.78,31.08,0.52,13.19,313.64,158.06,72.49,517.15,4.3,39.89,158.42,4.4,8.08,13.91,0.0,13.1,1000.0,686.55,OK,normal,False,0.0989,2,Restricted Irrigation,0.9805,NORMAL,2,Restricted Irrigation,False
2026-10-02 21:50:00,Bathroom,6.81,21.54,0.16,52.08,276.93,337.57,0.72,576.27,4.06,52.8,147.39,6.62,2.17,19.24,14912.2,11.96,1000.0,686.35,OK,normal,False,0.1132,2,Restricted Irrigation,0.985,NORMAL,2,Restricted Irrigation,False
2026-10-02 21:55:00,Bathroom,7.06,21.0,0.3,42.37,286.45,203.01,41.57,643.08,3.16,77.11,123.85,8.63,2.71,15.26,47051.9,18.19,1000.0,717.3,OK,normal,False,0.1248,2,Restricted Irrigation,0.9911,NORMAL,2,Restricted Irrigation,False
2026-10-02 22:00:00,Bathroom,7.65,26.75,0.12,20.34,338.1,276.61,78.71,463.91,4.81,64.47,112.06,8.02,3.78,23.78,11005.6,14.23,1000.0,728.45,OK,normal,False,0.1029,2,Restricted Irrigation,0.9868,NORMAL,2,Restricted Irrigation,False
2026-10-02 22:05:00,Bathroom,6.62,30.32,0.32,34.88,102.11,417.62,40.77,715.18,3.15,47.99,68.25,10.06,4.01,11.03,0.0,10.87,1000.0,722.8,OK,normal,False,0.0908,2,Restricted Irrigation,0.9921,NORMAL,2,Restricted Irrigation,False
2026-10-02 22:10:00,Bathroom,6.78,33.62,0.26,41.28,267.07,467.4,90.82,438.46,3.89,57.0,144.71,7.24,6.41,21.87,4251.1,9.21,1000.0,708.85,OK,normal,False,0.1361,1,Bio-filtration,0.9764,NORMAL,1,Bio-filtration,False
2026-10-02 22:15:00,Bathroom,6.47,30.23,0.23,22.31,122.38,274.39,102.16,715.61,4.34,87.71,118.99,12.53,4.98,13.2,10592.5,15.44,1000.0,726.05,OK,normal,False,0.1057,1,Bio-filtration,0.927,NORMAL,1,Bio-filtration,False
2026-10-02 22:20:00,Bathroom,7.43,29.2,0.32,2.6,266.42,442.56,86.55,332.3,3.95,46.2,190.82,9.87,4.55,15.29,0.0,20.87,1000.0,770.4,OK,normal,False,0.1122,2,Restricted Irrigation,0.9729,NORMAL,2,Restricted Irrigation,False
2026-10-02 22:25:00,Bathroom,6.93,30.64,0.31,27.69,291.56,387.9,43.5,520.44,4.09,48.67,94.57,13.62,4.37,20.39,11916.2,11.86,1000.0,769.7,OK,normal,False,0.1345,2,Restricted Irrigation,0.9875,NORMAL,2,Restricted Irrigation,False
2026-10-02 22:30:00,Bathroom,6.98,30.39,0.23,37.12,287.98,338.27,58.11,724.98,4.07,48.71,136.39,5.15,3.81,13.47,114041.8,10.84,1000.0,763.9,OK,normal,False,0.1307,1,Bio-filtration,0.9753,NORMAL,1,Bio-filtration,False
2026-10-02 22:35:00,Bathroom,7.01,23.66,0.18,29.05,314.34,279.83,51.57,488.94,3.37,82.02,181.06,8.52,5.41,16.77,30820.1,17.57,1000.0,791.75,OK,normal,False,0.1503,2,Restricted Irrigation,0.9939,NORMAL,2,Restricted Irrigation,False
2026-10-02 22:40:00,Bathroom,6.97,24.1,0.26,47.98,278.25,259.36,30.64,334.79,3.33,57.61,174.84,7.84,8.78,12.56,15367.2,20.16,1000.0,832.55,OK,normal,False,0.1294,2,Restricted Irrigation,0.9893,NORMAL,2,Restricted Irrigation,False
2026-10-02 22:45:00,Bathroom,7.22,21.44,0.24,33.78,253.38,305.99,119.41,490.8,3.9,67.28,129.55,14.17,6.05,14.51,16035.8,18.53,1000.0,865.2,OK,normal,False,0.1388,1,Bio-filtration,0.9773,NORMAL,1,Bio-filtration,False
2026-10-02 22:50:00,Bathroom,7.09,24.44,0.36,27.23,395.76,278.99,89.09,583.07,5.03,34.89,173.11,14.6,5.39,15.95,14314.5,19.84,1000.0,904.4,OK,normal,False,0.1361,2,Restricted Irrigation,0.9632,NORMAL,2,Restricted Irrigation,False
2026-10-02 22:55:00,Bathroom,6.76,29.56,0.14,42.38,425.44,380.87,28.38,440.93,4.48,60.02,78.71,10.31,5.45,23.66,71940.4,18.61,1000.0,937.45,OK,normal,False,0.1121,2,Restricted Irrigation,0.965,NORMAL,2,Restricted Irrigation,False
2026-10-02 23:00:00,Bathroom,6.65,26.23,0.13,22.59,368.42,273.97,111.29,510.92,4.16,73.31,52.97,10.04,5.89,22.31,87320.2,18.01,1000.0,967.5,OK,normal,False,0.1082,1,Bio-filtration,0.9965,NORMAL,1,Bio-filtration,False
2026-10-02 23:05:00,Mixed,7.24,27.34,0.46,99.57,304.26,288.75,188.1,612.76,3.36,143.05,384.02,11.15,4.91,17.5,154898.1,30.46,1000.0,1000.0,OK,normal,False,0.1278,1,Bio-filtration,0.999,NORMAL,1,Bio-filtration,False
2026-10-02 23:10:00,Mixed,6.72,23.97,0.3,26.66,262.86,299.53,104.65,472.3,2.87,255.19,404.19,9.24,6.02,17.82,41271.6,22.75,1000.0,1000.0,OK,normal,False,0.1308,1,Bio-filtration,0.9982,NORMAL,1,Bio-filtration,False
2026-10-02 23:15:00,Mixed,7.6,25.08,0.35,56.97,342.25,275.65,95.08,594.7,3.06,38.14,214.32,6.74,4.64,19.29,108770.7,13.06,1000.0,1000.0,OK,normal,False,0.125,1,Bio-filtration,0.9995,NORMAL,1,Bio-filtration,False
2026-10-02 23:20:00,Mixed,6.88,22.65,0.3,60.51,181.23,379.43,151.71,651.73,2.74,157.05,302.77,16.75,1.17,13.09,133268.2,12.46,1000.0,1000.0,OK,normal,False,0.1014,1,Bio-filtration,0.9993,NORMAL,1,Bio-filtration,False
2026-10-02 23:25:00,Mixed,6.98,25.69,0.23,53.96,418.26,445.81,68.14,495.46,3.05,203.57,205.03,5.62,6.51,7.98,56365.0,26.07,1000.0,1000.0,OK,normal,False,0.1128,1,Bio-filtration,0.9287,NORMAL,1,Bio-filtration,False
2026-10-02 23:30:00,Mixed,6.97,32.14,0.39,62.22,359.71,348.6,152.11,397.03,2.9,166.76,378.35,8.41,1.78,12.24,103944.4,14.75,1000.0,1000.0,OK,normal,False,0.1176,1,Bio-filtration,0.9993,NORMAL,1,Bio-filtration,False
2026-10-02 23:35:00,Mixed,7.06,28.25,0.27,59.52,189.07,308.85,117.36,502.67,3.19,191.2,384.55,13.1,5.37,14.23,26790.8,25.5,1000.0,1000.0,OK,normal,False,0.1467,1,Bio-filtration,0.9992,NORMAL,1,Bio-filtration,False
2026-10-02 23:40:00,Mixed,7.84,36.1,0.13,67.0,266.78,302.72,97.37,611.8,2.98,108.31,292.4,12.81,3.71,10.14,411090.5,15.44,1000.0,1000.0,OK,normal,False,0.0615,1,Bio-filtration,0.9969,SEWER_BYPASS_OVERRIDE,0,Sewer Bypass,True
2026-10-02 23:45:00,Mixed,7.38,22.28,0.38,61.51,230.92,290.82,102.06,497.75,3.75,108.47,451.08,6.29,8.07,12.3,155577.6,18.04,1000.0,1000.0,OK,normal,False,0.1072,1,Bio-filtration,0.9989,NORMAL,1,Bio-filtration,False
2026-10-02 23:50:00,Mixed,7.14,21.6,0.32,22.2,412.96,293.41,210.22,365.46,3.8,151.54,310.3,6.07,6.73,20.1,336161.2,18.35,1000.0,1000.0,OK,normal,False,0.0904,1,Bio-filtration,0.9974,SEWER_BYPASS_OVERRIDE,0,Sewer Bypass,True
2026-10-02 23:55:00,Mixed,7.51,26.39,0.36,63.47,209.37,460.95,186.86,655.97,2.74,142.4,414.74,10.04,5.05,25.11,83021.2,21.93,1000.0,1000.0,OK,normal,False,0.1123,1,Bio-filtration,0.9989,NORMAL,1,Bio-filtration,False
2026-10-03 00:00:00,Mixed,7.31,22.72,0.23,55.53,195.17,273.79,153.76,519.97,3.31,126.22,326.79,17.51,5.19,18.55,0.0,11.36,1000.0,996.8,FAULT_DRIFT_pH,sensor_fault_drift,False,0.1137,1,Bio-filtration,0.9987,NORMAL,1,Bio-filtration,False
2026-10-03 00:05:00,Mixed,7.48,25.01,0.33,67.9,261.42,308.4,78.51,790.41,3.97,173.12,436.63,3.73,1.86,15.04,0.0,10.67,1000.0,990.15,FAULT_DRIFT_pH,sensor_fault_drift,False,0.0919,1,Bio-filtration,0.9977,NORMAL,1,Bio-filtration,False
2026-10-03 00:10:00,Mixed,7.43,17.41,0.11,90.6,412.84,470.42,122.0,383.4,2.83,159.07,265.98,16.41,9.43,18.46,135446.1,19.23,1000.0,1000.0,FAULT_DRIFT_pH,sensor_fault_drift,False,0.0563,1,Bio-filtration,0.9995,NORMAL,1,Bio-filtration,False
2026-10-03 00:15:00,Mixed,7.48,27.23,0.32,34.52,289.78,373.22,101.11,498.61,3.15,162.65,240.58,10.8,7.27,12.47,45588.9,25.81,1000.0,1000.0,FAULT_DRIFT_pH,sensor_fault_drift,False,0.1446,1,Bio-filtration,0.9986,NORMAL,1,Bio-filtration,False
2026-10-03 00:20:00,Mixed,7.83,35.68,0.34,54.06,361.26,489.61,49.96,432.69,2.95,137.71,304.29,6.72,8.02,10.24,79215.0,32.41,1000.0,1000.0,FAULT_DRIFT_pH,sensor_fault_drift,False,0.0815,1,Bio-filtration,0.9992,NORMAL,1,Bio-filtration,False
2026-10-03 00:25:00,Mixed,7.84,23.86,0.17,58.59,329.84,328.43,166.55,781.3,3.65,236.9,402.36,16.77,9.12,20.54,265566.6,18.48,1000.0,1000.0,FAULT_DRIFT_pH,sensor_fault_drift,False,0.0801,1,Bio-filtration,0.9984,NORMAL,1,Bio-filtration,False
2026-10-03 00:30:00,Mixed,8.04,32.03,0.26,61.05,413.35,158.11,148.67,597.9,4.59,79.45,460.7,8.77,4.91,11.44,11766.2,34.33,1000.0,1000.0,FAULT_DRIFT_pH,sensor_fault_drift,False,0.0672,1,Bio-filtration,0.9969,NORMAL,1,Bio-filtration,False
2026-10-03 00:35:00,Mixed,7.859999999999999,24.41,0.28,53.85,366.6,197.37,48.98,519.67,2.95,92.31,297.57,9.47,5.15,17.7,31032.9,25.58,1000.0,1000.0,FAULT_DRIFT_pH,sensor_fault_drift,False,0.1106,1,Bio-filtration,0.9111,NORMAL,1,Bio-filtration,False
2026-10-03 00:40:00,Mixed,8.23,25.53,0.31,46.36,370.69,255.87,179.29,417.94,3.07,240.58,158.67,18.19,5.16,17.87,171643.3,24.23,1000.0,1000.0,FAULT_DRIFT_pH,sensor_fault_drift,False,0.0748,1,Bio-filtration,0.9991,SEWER_BYPASS_OVERRIDE,0,Sewer Bypass,True
2026-10-03 00:45:00,Mixed,8.17,32.97,0.38,87.06,129.84,320.62,144.07,567.34,3.78,134.83,340.92,14.85,1.95,18.77,97084.5,32.96,1000.0,1000.0,FAULT_DRIFT_pH,sensor_fault_drift,False,0.0728,1,Bio-filtration,0.9992,NORMAL,1,Bio-filtration,False
2026-10-03 00:50:00,Mixed,8.49,31.37,0.25,69.2,295.63,335.7,177.29,403.57,3.45,211.93,295.24,10.49,6.55,17.69,198997.6,31.98,1000.0,1000.0,FAULT_DRIFT_pH,sensor_fault_drift,False,0.101,1,Bio-filtration,0.9992,SEWER_BYPASS_OVERRIDE,0,Sewer Bypass,True
2026-10-03 00:55:00,Mixed,8.58,25.73,0.24,55.3,261.69,316.16,135.27,532.18,2.82,143.63,508.77,8.31,5.18,31.46,215191.6,26.45,1000.0,1000.0,FAULT_DRIFT_pH,sensor_fault_drift,False,0.0691,1,Bio-filtration,0.9985,SEWER_BYPASS_OVERRIDE,0,Sewer Bypass,True
2026-10-03 01:00:00,Mixed,8.64,27.83,0.32,47.7,314.2,341.86,103.12,590.09,3.1,199.35,380.62,11.23,3.68,24.84,115234.1,14.61,1000.0,1000.0,FAULT_DRIFT_pH,sensor_fault_drift,False,0.103,1,Bio-filtration,0.9993,SEWER_BYPASS_OVERRIDE,0,Sewer Bypass,True
2026-10-03 01:05:00,Mixed,8.9,23.61,0.27,56.31,233.15,411.28,75.99,469.47,4.02,120.14,314.95,7.18,6.99,19.99,170586.2,32.46,1000.0,1000.0,FAULT_DRIFT_pH,sensor_fault_drift,False,0.0909,1,Bio-filtration,0.9991,SEWER_BYPASS_OVERRIDE,0,Sewer Bypass,True
2026-10-03 01:10:00,Mixed,8.73,23.81,0.39,69.82,355.15,322.12,85.75,573.0,2.06,191.35,227.45,13.61,5.38,21.01,10673.7,24.98,1000.0,1000.0,FAULT_DRIFT_pH,sensor_fault_drift,False,0.1062,1,Bio-filtration,0.9991,SEWER_BYPASS_OVERRIDE,0,Sewer Bypass,True
2026-10-03 01:15:00,Mixed,7.14,23.46,0.28,51.11,318.05,332.22,110.75,735.4,2.44,237.4,236.23,10.86,8.18,21.74,47044.9,24.31,1000.0,1000.0,OK,normal,False,0.1347,1,Bio-filtration,0.999,NORMAL,1,Bio-filtration,False
2026-10-03 01:20:00,Mixed,7.0,25.25,0.39,68.59,181.04,365.96,102.03,702.75,2.61,215.35,454.1,7.96,5.17,18.26,4204.9,28.59,1000.0,1000.0,OK,normal,False,0.123,1,Bio-filtration,0.9982,NORMAL,1,Bio-filtration,False
2026-10-03 01:25:00,Mixed,7.78,26.94,0.3,61.08,307.05,242.65,113.13,472.23,2.86,31.79,263.66,15.52,7.08,22.26,259599.5,29.51,1000.0,1000.0,OK,normal,False,0.1061,1,Bio-filtration,0.9991,NORMAL,1,Bio-filtration,False
2026-10-03 01:30:00,Mixed,7.2,26.84,0.37,32.3,408.58,285.26,151.01,610.96,4.13,150.31,173.78,11.39,6.29,12.52,151297.3,18.04,1000.0,1000.0,OK,normal,False,0.1347,1,Bio-filtration,0.9991,NORMAL,1,Bio-filtration,False
2026-10-03 01:35:00,Mixed,6.96,26.19,0.24,47.84,147.54,210.59,105.33,537.16,2.51,170.28,284.81,14.56,5.62,20.53,106036.7,20.98,1000.0,1000.0,OK,normal,False,0.1154,1,Bio-filtration,0.9994,NORMAL,1,Bio-filtration,False
2026-10-03 01:40:00,Mixed,8.07,26.01,0.19,58.05,83.86,341.14,152.71,453.15,2.7,207.59,209.02,6.01,5.74,14.07,100084.0,18.0,1000.0,1000.0,OK,normal,False,0.0741,1,Bio-filtration,0.9994,NORMAL,1,Bio-filtration,False
2026-10-03 01:45:00,Mixed,6.54,30.74,0.34,50.85,400.14,250.57,109.06,592.72,2.19,152.97,412.64,11.47,8.06,21.53,121769.1,23.21,1000.0,1000.0,OK,normal,False,0.1202,1,Bio-filtration,0.9991,NORMAL,1,Bio-filtration,False
2026-10-03 01:50:00,Mixed,7.15,30.15,0.25,81.48,326.9,355.01,97.7,473.15,4.01,183.37,247.74,11.03,1.64,13.85,275011.4,31.27,1000.0,1000.0,OK,normal,False,0.1145,1,Bio-filtration,0.9993,NORMAL,1,Bio-filtration,False
2026-10-03 01:55:00,Mixed,7.35,25.1,0.22,84.71,138.44,271.03,121.49,547.2,2.37,63.37,272.28,8.35,4.49,21.72,0.0,11.13,1000.0,995.65,OK,normal,False,0.1107,1,Bio-filtration,0.9985,NORMAL,1,Bio-filtration,False
2026-10-03 02:00:00,Mixed,7.43,33.06,0.34,56.25,183.25,455.94,142.97,597.5,5.5,177.69,237.79,10.34,4.3,14.98,106006.1,23.54,1000.0,1000.0,OK,normal,False,0.0974,1,Bio-filtration,0.9995,NORMAL,1,Bio-filtration,False
2026-10-03 02:05:00,Mixed,7.39,28.48,0.28,52.75,292.27,277.77,61.17,487.87,3.33,213.82,382.22,1.69,7.02,13.96,144510.7,31.84,1000.0,1000.0,OK,normal,False,0.1077,1,Bio-filtration,0.9988,NORMAL,1,Bio-filtration,False
2026-10-03 02:10:00,Mixed,7.02,31.23,0.29,63.65,303.86,209.74,119.96,444.78,2.75,197.33,337.33,6.08,7.38,16.69,84720.7,33.63,1000.0,1000.0,OK,normal,False,0.133,1,Bio-filtration,0.9994,NORMAL,1,Bio-filtration,False
2026-10-03 02:15:00,Mixed,7.25,26.53,0.33,52.83,304.52,353.29,41.24,511.83,2.88,223.63,161.35,9.88,5.03,20.33,37345.3,18.18,1000.0,1000.0,OK,normal,False,0.1341,1,Bio-filtration,0.8823,NORMAL,1,Bio-filtration,False
2026-10-03 02:20:00,Mixed,7.25,26.96,0.41,57.98,229.66,294.92,121.29,569.79,2.4,206.1,272.5,7.67,4.81,21.48,114597.2,16.53,1000.0,1000.0,OK,normal,False,0.1362,1,Bio-filtration,0.9997,NORMAL,1,Bio-filtration,False
2026-10-03 02:25:00,Mixed,6.7,24.35,0.21,71.76,324.53,337.35,87.26,565.09,2.83,89.4,375.24,13.34,7.26,14.54,301392.2,26.57,1000.0,1000.0,OK,normal,False,0.1208,1,Bio-filtration,0.9975,SEWER_BYPASS_OVERRIDE,0,Sewer Bypass,True
2026-10-03 02:30:00,Mixed,7.02,22.58,0.4,86.48,289.35,217.71,59.71,578.81,3.47,48.1,309.79,16.19,5.6,22.6,209496.1,25.57,1000.0,1000.0,OK,normal,False,0.1063,1,Bio-filtration,0.9985,NORMAL,1,Bio-filtration,False
2026-10-03 02:35:00,Mixed,7.2,29.94,0.35,44.7,226.46,261.21,132.77,303.44,3.08,175.51,321.0,12.44,6.15,14.85,0.0,31.21,1000.0,1000.0,OK,normal,False,0.1362,1,Bio-filtration,0.9984,NORMAL,1,Bio-filtration,False
2026-10-03 02:40:00,Mixed,7.98,22.9,0.3,76.44,317.55,297.4,110.33,540.33,2.18,278.92,322.48,12.81,5.02,14.71,82668.5,23.98,1000.0,1000.0,OK,normal,False,0.1155,1,Bio-filtration,0.9996,NORMAL,1,Bio-filtration,False
2026-10-03 02:45:00,Mixed,7.4,27.81,0.31,76.39,238.27,235.79,158.86,470.03,1.1,209.99,252.84,12.57,8.33,16.43,208813.5,19.12,1000.0,1000.0,OK,normal,False,0.1149,1,Bio-filtration,0.9992,NORMAL,1,Bio-filtration,False
2026-10-03 02:50:00,Mixed,7.29,26.03,0.3,24.02,292.28,253.89,167.47,635.78,3.46,172.79,210.33,12.45,6.85,22.27,361512.0,23.6,1000.0,1000.0,OK,normal,False,0.1266,1,Bio-filtration,0.9976,SEWER_BYPASS_OVERRIDE,0,Sewer Bypass,True
2026-10-03 02:55:00,Mixed,5.3,30.96,0.29,183.62,255.82,334.9,327.64,480.47,3.53,113.97,973.65,8.63,7.38,17.53,1153781.0,21.3,1000.0,1000.0,OK,multi_parameter_event,True,-0.0201,0,Sewer Bypass,0.9999,HIGH_RISK_REVIEW,0,Sewer Bypass,False
2026-10-03 03:00:00,Mixed,5.34,29.13,0.2,190.33,118.18,363.23,322.06,540.17,1.75,108.45,934.89,8.31,6.1,19.65,1210756.9,16.46,1000.0,1000.0,OK,multi_parameter_event,True,-0.0326,0,Sewer Bypass,0.9999,HIGH_RISK_REVIEW,0,Sewer Bypass,False
2026-10-03 03:05:00,Mixed,5.33,30.28,0.3,194.12,180.47,367.1,341.15,487.63,4.16,83.13,978.74,10.63,6.48,15.71,1144096.9,34.12,1000.0,1000.0,OK,multi_parameter_event,True,-0.0321,0,Sewer Bypass,0.9999,HIGH_RISK_REVIEW,0,Sewer Bypass,False
2026-10-03 03:10:00,Mixed,5.64,29.95,0.36,185.31,337.49,331.76,334.76,586.02,3.09,156.08,938.85,10.42,4.91,17.61,1206557.6,25.93,1000.0,1000.0,OK,multi_parameter_event,True,-0.0132,0,Sewer Bypass,1.0,HIGH_RISK_REVIEW,0,Sewer Bypass,False
2026-10-03 03:15:00,Mixed,5.43,24.01,0.35,190.24,387.58,451.75,348.64,699.53,1.97,204.97,944.27,7.42,6.9,19.85,1188572.3,33.6,1000.0,1000.0,OK,multi_parameter_event,True,-0.0249,0,Sewer Bypass,1.0,HIGH_RISK_REVIEW,0,Sewer Bypass,False
2026-10-03 03:20:00,Mixed,5.49,28.79,0.4,184.83,354.96,314.08,329.15,475.2,4.13,245.57,999.17,9.16,4.1,22.97,1185320.5,19.83,1000.0,1000.0,OK,multi_parameter_event,True,-0.0351,0,Sewer Bypass,1.0,HIGH_RISK_REVIEW,0,Sewer Bypass,False
2026-10-03 03:25:00,Mixed,5.47,31.04,0.39,184.55,266.62,419.15,352.03,611.58,3.11,94.99,930.95,10.21,4.76,16.21,1217704.4,10.91,1000.0,994.55,OK,multi_parameter_event,True,-0.0232,0,Sewer Bypass,1.0,HIGH_RISK_REVIEW,0,Sewer Bypass,False
2026-10-03 03:30:00,Mixed,5.33,25.11,0.28,190.0,182.26,422.9,349.3,643.99,2.6,118.33,966.51,6.11,4.51,19.82,1188194.0,26.87,1000.0,1000.0,OK,multi_parameter_event,True,-0.04,0,Sewer Bypass,1.0,HIGH_RISK_REVIEW,0,Sewer Bypass,False
2026-10-03 03:35:00,Mixed,5.35,27.06,0.35,190.07,420.79,226.81,333.76,779.03,3.84,170.73,955.95,6.29,5.22,14.02,1226297.5,27.54,1000.0,1000.0,OK,multi_parameter_event,True,-0.0347,0,Sewer Bypass,1.0,HIGH_RISK_REVIEW,0,Sewer Bypass,False
2026-10-03 03:40:00,Mixed,5.26,30.8,0.28,192.62,191.23,241.24,341.07,565.76,1.74,179.16,982.21,15.47,5.19,12.08,1180298.5,24.81,1000.0,1000.0,OK,multi_parameter_event,True,-0.0373,0,Sewer Bypass,0.9999,HIGH_RISK_REVIEW,0,Sewer Bypass,False
2026-10-03 03:45:00,Mixed,5.43,28.5,0.31,187.39,327.2,303.34,332.89,506.82,3.22,182.75,967.74,6.26,4.28,18.57,1234663.8,22.58,1000.0,1000.0,OK,multi_parameter_event,True,-0.0242,0,Sewer Bypass,1.0,HIGH_RISK_REVIEW,0,Sewer Bypass,False
2026-10-03 03:50:00,Mixed,5.47,31.74,0.26,187.89,366.75,357.15,345.04,836.0,3.56,224.52,941.9,7.35,5.28,19.77,1206394.3,24.97,1000.0,1000.0,OK,multi_parameter_event,True,-0.0282,0,Sewer Bypass,1.0,HIGH_RISK_REVIEW,0,Sewer Bypass,False
2026-10-03 03:55:00,Mixed,5.44,28.64,0.36,179.62,355.47,199.0,344.54,478.18,3.14,80.83,1026.77,14.65,4.87,14.65,1214612.3,14.57,1000.0,1000.0,OK,multi_parameter_event,True,-0.0374,0,Sewer Bypass,0.9999,HIGH_RISK_REVIEW,0,Sewer Bypass,False
2026-10-03 04:00:00,Mixed,5.55,21.69,0.42,183.53,302.15,225.62,321.7,351.05,3.81,68.87,938.88,7.97,3.34,18.06,1135786.2,16.5,1000.0,1000.0,OK,multi_parameter_event,True,-0.0437,0,Sewer Bypass,0.9999,HIGH_RISK_REVIEW,0,Sewer Bypass,False
2026-10-03 04:05:00,Mixed,5.41,26.47,0.37,193.71,274.32,309.86,338.04,325.47,3.08,234.51,960.99,10.1,6.53,17.68,1152997.7,12.88,1000.0,1000.0,OK,multi_parameter_event,True,-0.028,0,Sewer Bypass,0.9999,HIGH_RISK_REVIEW,0,Sewer Bypass,False
2026-10-03 04:10:00,Mixed,7.25,30.07,0.36,53.68,250.31,385.63,108.92,648.86,2.91,212.89,362.32,12.04,5.39,17.42,290543.3,19.48,1000.0,1000.0,OK,normal,False,0.1383,1,Bio-filtration,0.9991,NORMAL,1,Bio-filtration,False
2026-10-03 04:15:00,Mixed,6.99,32.17,0.4,70.34,369.36,377.62,185.35,603.36,2.05,272.52,414.06,8.79,3.95,19.07,97230.7,29.44,1000.0,1000.0,OK,normal,False,0.1206,1,Bio-filtration,0.9989,NORMAL,1,Bio-filtration,False
2026-10-03 04:20:00,Mixed,7.12,28.01,0.4,67.86,177.25,356.46,215.66,415.38,3.09,145.25,346.28,12.06,7.98,17.52,277492.4,10.97,1000.0,994.85,OK,normal,False,0.1117,1,Bio-filtration,0.9986,NORMAL,1,Bio-filtration,False
2026-10-03 04:25:00,Mixed,7.05,21.58,0.25,67.54,274.69,196.45,118.76,532.9,2.17,138.96,333.74,8.6,7.45,8.66,18285.0,29.62,1000.0,1000.0,OK,normal,False,0.114,1,Bio-filtration,0.9993,NORMAL,1,Bio-filtration,False
2026-10-03 04:30:00,Mixed,7.33,27.82,0.29,74.2,470.1,429.32,141.25,621.71,2.4,152.11,396.06,15.76,4.8,15.12,377787.7,11.98,1000.0,999.9,OK,normal,False,0.1251,1,Bio-filtration,0.996,SEWER_BYPASS_OVERRIDE,0,Sewer Bypass,True
2026-10-03 04:35:00,Mixed,6.97,23.18,0.33,66.3,216.9,258.19,79.36,602.49,1.54,110.21,159.44,12.0,2.77,17.0,316585.8,14.44,1000.0,1000.0,OK,normal,False,0.1021,1,Bio-filtration,0.998,SEWER_BYPASS_OVERRIDE,0,Sewer Bypass,True
2026-10-03 04:40:00,Mixed,7.3,26.93,0.34,69.72,285.46,349.19,158.7,432.27,3.04,221.76,257.32,17.4,3.64,15.63,0.0,23.89,1000.0,1000.0,OK,normal,False,0.1193,1,Bio-filtration,0.9993,NORMAL,1,Bio-filtration,False
2026-10-03 04:45:00,Mixed,7.16,22.4,0.25,94.55,319.14,442.4,90.85,651.01,2.57,170.59,361.37,13.08,5.99,13.07,230738.4,31.33,1000.0,1000.0,OK,normal,False,0.1296,1,Bio-filtration,0.9992,NORMAL,1,Bio-filtration,False
2026-10-03 04:50:00,Mixed,6.86,29.64,0.36,60.51,303.14,331.4,143.8,613.1,1.1,151.54,382.99,9.36,6.36,20.24,95109.6,15.97,1000.0,1000.0,OK,normal,False,0.1416,1,Bio-filtration,0.9992,NORMAL,1,Bio-filtration,False
2026-10-03 04:55:00,Mixed,7.2,29.05,0.24,61.77,300.29,276.86,156.44,593.95,3.94,150.29,417.87,5.87,3.85,11.22,154447.2,34.07,1000.0,1000.0,OK,normal,False,0.1182,1,Bio-filtration,0.999,NORMAL,1,Bio-filtration,False
2026-10-03 05:00:00,Mixed,7.28,21.15,0.49,77.83,275.7,404.21,155.41,686.31,2.49,166.58,228.36,12.44,6.08,18.22,98857.3,25.46,1000.0,1000.0,OK,normal,False,0.1223,1,Bio-filtration,0.9995,NORMAL,1,Bio-filtration,False
2026-10-03 05:05:00,Mixed,6.74,27.08,0.45,53.8,378.12,274.56,128.52,672.78,2.73,109.58,411.26,11.14,7.37,13.91,296119.1,32.05,1000.0,1000.0,OK,normal,False,0.1234,1,Bio-filtration,0.9984,NORMAL,1,Bio-filtration,False
2026-10-03 05:10:00,Mixed,7.44,27.86,0.15,61.03,350.03,463.85,197.04,391.88,2.89,87.62,431.09,14.2,6.48,17.75,276407.4,34.82,1000.0,1000.0,OK,normal,False,0.0993,1,Bio-filtration,0.9971,NORMAL,1,Bio-filtration,False
2026-10-03 05:15:00,Mixed,7.42,28.52,0.45,56.07,299.3,202.91,120.19,366.39,3.55,182.79,300.91,9.99,7.18,11.0,117282.6,32.99,1000.0,1000.0,OK,normal,False,0.1211,1,Bio-filtration,0.9996,NORMAL,1,Bio-filtration,False
2026-10-03 05:20:00,Mixed,7.49,31.53,0.43,65.79,105.9,340.1,196.31,677.49,3.52,102.06,281.01,17.3,3.84,12.33,188074.1,15.18,1000.0,1000.0,OK,normal,False,0.0738,1,Bio-filtration,0.999,NORMAL,1,Bio-filtration,False
2026-10-03 05:25:00,Mixed,7.22,23.07,0.35,40.32,276.76,258.27,104.87,549.85,2.39,242.88,352.91,17.6,5.27,13.83,350567.4,31.14,1000.0,1000.0,OK,normal,False,0.1107,1,Bio-filtration,0.9981,SEWER_BYPASS_OVERRIDE,0,Sewer Bypass,True
2026-10-03 05:30:00,Mixed,7.35,30.87,0.2,59.1,143.17,390.93,52.83,399.17,3.46,211.08,326.02,12.32,6.51,15.74,40343.8,15.96,1000.0,1000.0,OK,normal,False,0.1234,1,Bio-filtration,0.9971,NORMAL,1,Bio-filtration,False
2026-10-03 05:35:00,Mixed,6.81,31.7,0.43,47.06,85.33,292.3,176.67,713.84,2.34,251.76,164.75,9.5,4.86,22.68,304335.5,29.33,1000.0,1000.0,OK,normal,False,0.0692,1,Bio-filtration,0.9987,SEWER_BYPASS_OVERRIDE,0,Sewer Bypass,True
2026-10-03 05:40:00,Mixed,7.1,28.38,0.25,76.23,192.61,290.69,65.82,407.38,4.38,142.04,336.71,4.29,4.88,19.23,100896.3,28.63,1000.0,1000.0,OK,normal,False,0.1098,1,Bio-filtration,0.9988,NORMAL,1,Bio-filtration,False
2026-10-03 05:45:00,Mixed,7.72,27.73,0.32,46.26,316.63,217.21,173.11,845.47,3.46,141.13,142.82,5.33,8.14,12.48,53620.0,17.39,1000.0,1000.0,OK,normal,False,0.087,1,Bio-filtration,0.996,NORMAL,1,Bio-filtration,False
2026-10-03 05:50:00,Mixed,7.48,27.12,0.5,100.93,407.9,375.33,196.06,384.28,4.07,109.52,290.25,12.58,8.23,11.43,51088.9,33.04,1000.0,1000.0,OK,normal,False,0.0953,1,Bio-filtration,0.9984,NORMAL,1,Bio-filtration,False
2026-10-03 05:55:00,Mixed,7.52,31.49,0.34,86.11,246.61,388.12,161.68,703.85,1.92,107.56,392.65,1.48,6.51,20.84,6854.0,24.25,1000.0,1000.0,OK,normal,False,0.084,1,Bio-filtration,0.998,NORMAL,1,Bio-filtration,False
2026-10-03 06:00:00,Mixed,7.35,30.67,0.2,57.33,201.66,305.27,172.34,491.66,3.11,230.83,344.53,7.21,6.09,12.83,180028.4,30.71,1000.0,1000.0,OK,normal,False,0.1213,1,Bio-filtration,0.9991,NORMAL,1,Bio-filtration,False
